Project Name,Transacted Price ($),Area (SQFT),Unit Price ($ PSF),Sale Date,Street Name,Type of Sale,Type of Area,Area (SQM),Unit Price ($ PSM),Nett Price($),Property Type,Number of Units,Tenure,Postal District,Market Segment,Floor Level
COMPASS HEIGHTS,"955,000","1,065.64",896,Jun-21,SENGKANG SQUARE,Resale,Strata,99,"9,646",-,Apartment,1,99 yrs lease commencing from 2000,19,Outside Central Region,06 to 10
SUITES @ PAYA LEBAR,"595,000",409.03,"1,455",Jun-21,UPPER PAYA LEBAR ROAD,Resale,Strata,38,"15,658",-,Apartment,1,Freehold,19,Outside Central Region,01 to 05
SENGKANG GRAND RESIDENCES,"1,584,800",936.47,"1,692",Jun-21,COMPASSVALE BOW,New Sale,Strata,87,"18,216",-,Apartment,1,99 yrs lease commencing from 2018,19,Outside Central Region,06 to 10
TERRASSE,"1,605,000","1,453.14","1,105",Jun-21,TERRASSE LANE,Resale,Strata,135,"11,889",-,Condominium,1,99 yrs lease commencing from 2010,19,Outside Central Region,01 to 05
LA FIESTA,"1,265,000",990.29,"1,277",Jun-21,SENGKANG SQUARE,Resale,Strata,92,"13,750",-,Condominium,1,99 yrs lease commencing from 2012,19,Outside Central Region,06 to 10
CASA CAMBIO,"1,610,000","1,399.32","1,151",Jun-21,LIM TUA TOW ROAD,Resale,Strata,130,"12,385",-,Condominium,1,Freehold,19,Outside Central Region,01 to 05
RIVERSOUND RESIDENCE,"1,260,000","1,162.51","1,084",Jun-21,SENGKANG EAST AVENUE,Resale,Strata,108,"11,667",-,Condominium,1,99 yrs lease commencing from 2011,19,Outside Central Region,06 to 10
FLO RESIDENCE,"925,000",925.7,999,Jun-21,PUNGGOL FIELD WALK,Resale,Strata,86,"10,756",-,Condominium,1,99 yrs lease commencing from 2011,19,Outside Central Region,11 to 15
SENGKANG GRAND RESIDENCES,"1,138,400",678.13,"1,679",Jun-21,COMPASSVALE BOW,New Sale,Strata,63,"18,070",-,Apartment,1,99 yrs lease commencing from 2018,19,Outside Central Region,06 to 10
THE FLORENCE RESIDENCES,"1,203,000",667.37,"1,803",Jun-21,HOUGANG AVENUE 2,New Sale,Strata,62,"19,403",-,Apartment,1,99 yrs lease commencing from 2018,19,Outside Central Region,16 to 20
SENGKANG GRAND RESIDENCES,"1,280,800",764.24,"1,676",Jun-21,COMPASSVALE BOW,New Sale,Strata,71,"18,039",-,Apartment,1,99 yrs lease commencing from 2018,19,Outside Central Region,01 to 05
THE FLORENCE RESIDENCES,"1,065,000",624.31,"1,706",Jun-21,HOUGANG AVENUE 2,New Sale,Strata,58,"18,362",-,Apartment,1,99 yrs lease commencing from 2018,19,Outside Central Region,16 to 20
THE FLORENCE RESIDENCES,"1,027,000",635.08,"1,617",Jun-21,HOUGANG AVENUE 2,New Sale,Strata,59,"17,407",-,Apartment,1,99 yrs lease commencing from 2018,19,Outside Central Region,01 to 05
LA FIESTA,"1,918,000","1,765.3","1,087",Jun-21,SENGKANG SQUARE,Resale,Strata,164,"11,695",-,Condominium,1,99 yrs lease commencing from 2012,19,Outside Central Region,01 to 05
WATERTOWN,"820,000",581.26,"1,411",Jun-21,PUNGGOL CENTRAL,Resale,Strata,54,"15,185",-,Apartment,1,99 yrs lease commencing from 2011,19,Outside Central Region,11 to 15
THE FLORENCE RESIDENCES,"1,046,000",624.31,"1,675",Jun-21,HOUGANG AVENUE 2,New Sale,Strata,58,"18,034",-,Apartment,1,99 yrs lease commencing from 2018,19,Outside Central Region,11 to 15
THE FLORENCE RESIDENCES,"1,288,000",699.66,"1,841",Jun-21,HOUGANG AVENUE 2,New Sale,Strata,65,"19,815",-,Apartment,1,99 yrs lease commencing from 2018,19,Outside Central Region,16 to 20
SPAZIO @ KOVAN,"685,000",484.38,"1,414",Jun-21,UPPER SERANGOON ROAD,Resale,Strata,45,"15,222",-,Apartment,1,Freehold,19,Outside Central Region,01 to 05
SUNGLADE,"1,510,000","1,377.79","1,096",Jun-21,SERANGOON AVENUE 2,Resale,Strata,128,"11,797",-,Condominium,1,99 yrs lease commencing from 2000,19,Outside Central Region,01 to 05
FLO RESIDENCE,"880,000",968.76,908,Jun-21,PUNGGOL FIELD WALK,Resale,Strata,90,"9,778",-,Condominium,1,99 yrs lease commencing from 2011,19,Outside Central Region,06 to 10
PARC CENTROS,"920,000",764.24,"1,204",Jun-21,PUNGGOL CENTRAL,Resale,Strata,71,"12,958",-,Condominium,1,99 yrs lease commencing from 2012,19,Outside Central Region,01 to 05
RIO VISTA,"962,000","1,237.86",777,Jun-21,UPPER SERANGOON VIEW,Resale,Strata,115,"8,365",-,Condominium,1,99 yrs lease commencing from 2001,19,Outside Central Region,01 to 05
WATERTOWN,"790,000",602.78,"1,311",Jun-21,PUNGGOL CENTRAL,Resale,Strata,56,"14,107",-,Apartment,1,99 yrs lease commencing from 2011,19,Outside Central Region,06 to 10
A TREASURE TROVE,"1,250,000","1,044.11","1,197",Jun-21,PUNGGOL WALK,Resale,Strata,97,"12,887",-,Condominium,1,99 yrs lease commencing from 2011,19,Outside Central Region,06 to 10
FLO RESIDENCE,"915,000",925.7,988,Jun-21,PUNGGOL FIELD WALK,Resale,Strata,86,"10,640",-,Condominium,1,99 yrs lease commencing from 2011,19,Outside Central Region,11 to 15
AFFINITY AT SERANGOON,"1,386,000",904.18,"1,533",Jun-21,SERANGOON NORTH AVENUE 1,New Sale,Strata,84,"16,500",-,Apartment,1,99 yrs lease commencing from 2018,19,Outside Central Region,01 to 05
SENGKANG GRAND RESIDENCES,"1,756,000","1,033.34","1,699",Jun-21,COMPASSVALE BOW,New Sale,Strata,96,"18,292",-,Apartment,1,99 yrs lease commencing from 2018,19,Outside Central Region,06 to 10
THE MINTON,"1,160,000",979.52,"1,184",Jun-21,HOUGANG STREET 11,Resale,Strata,91,"12,747",-,Condominium,1,99 yrs lease commencing from 2007,19,Outside Central Region,11 to 15
CAMBIO SUITES,"1,680,000","1,506.96","1,115",Jun-21,LIM TUA TOW ROAD,Resale,Strata,140,"12,000",-,Apartment,1,Freehold,19,Outside Central Region,01 to 05
THE TEMBUSU,"1,285,000",753.48,"1,705",Jun-21,TAMPINES ROAD,Resale,Strata,70,"18,357",-,Condominium,1,Freehold,19,Outside Central Region,11 to 15
EVERGREEN PARK,"840,000","1,065.64",788,Jun-21,HOUGANG AVENUE 7,Resale,Strata,99,"8,485",-,Apartment,1,99 yrs lease commencing from 1995,19,Outside Central Region,11 to 15
RIVERSAILS,"900,000",850.36,"1,058",Jun-21,UPPER SERANGOON CRESCENT,Resale,Strata,79,"11,392",-,Condominium,1,99 yrs lease commencing from 2011,19,Outside Central Region,11 to 15
RIVERFRONT RESIDENCES,"1,270,036",914.94,"1,388",Jun-21,HOUGANG AVENUE 7,New Sale,Strata,85,"14,942",-,Apartment,1,99 yrs lease commencing from 2018,19,Outside Central Region,11 to 15
THE FLORENCE RESIDENCES,"1,081,000",635.08,"1,702",Jun-21,HOUGANG AVENUE 2,New Sale,Strata,59,"18,322",-,Apartment,1,99 yrs lease commencing from 2018,19,Outside Central Region,11 to 15
THE FLORENCE RESIDENCES,"1,187,000",667.37,"1,779",Jun-21,HOUGANG AVENUE 2,New Sale,Strata,62,"19,145",-,Apartment,1,99 yrs lease commencing from 2018,19,Outside Central Region,11 to 15
THE FLORENCE RESIDENCES,"1,621,000","1,087.16","1,491",Jun-21,HOUGANG AVENUE 2,New Sale,Strata,101,"16,050",-,Apartment,1,99 yrs lease commencing from 2018,19,Outside Central Region,16 to 20
A TREASURE TROVE,"1,390,000","1,205.57","1,153",Jun-21,PUNGGOL WALK,Resale,Strata,112,"12,411",-,Condominium,1,99 yrs lease commencing from 2011,19,Outside Central Region,11 to 15
KOVAN RESIDENCES,"2,280,000","1,797.59","1,268",Jun-21,KOVAN ROAD,Resale,Strata,167,"13,653",-,Condominium,1,99 yrs lease commencing from 2007,19,Outside Central Region,11 to 15
STARS OF KOVAN,"1,580,000",958,"1,649",Jun-21,UPPER SERANGOON ROAD,Sub Sale,Strata,89,"17,753",-,Apartment,1,99 yrs lease commencing from 2015,19,Outside Central Region,06 to 10
BOATHOUSE RESIDENCES,"881,800",839.59,"1,050",Jun-21,UPPER SERANGOON VIEW,Resale,Strata,78,"11,305",-,Condominium,1,99 yrs lease commencing from 2011,19,Outside Central Region,01 to 05
KOVAN MELODY,"1,620,000","1,291.68","1,254",Jun-21,KOVAN ROAD,Resale,Strata,120,"13,500",-,Condominium,1,99 yrs lease commencing from 2004,19,Outside Central Region,16 to 20
THE LUXURIE,"1,756,000","2,066.69",850,Jun-21,COMPASSVALE ROAD,Resale,Strata,192,"9,146",-,Condominium,1,99 yrs lease commencing from 2011,19,Outside Central Region,01 to 05
SUNGLADE,"1,265,000","1,044.11","1,212",Jun-21,SERANGOON AVENUE 2,Resale,Strata,97,"13,041",-,Condominium,1,99 yrs lease commencing from 2000,19,Outside Central Region,11 to 15
AFFINITY AT SERANGOON,"1,661,640","1,097.93","1,513",Jun-21,SERANGOON NORTH AVENUE 1,New Sale,Strata,102,"16,291",-,Apartment,1,99 yrs lease commencing from 2018,19,Outside Central Region,01 to 05
TANGERINE GROVE,"1,218,000",925.7,"1,316",Jun-21,PAYA LEBAR CRESCENT,Resale,Strata,86,"14,163",-,Condominium,1,Freehold,19,Outside Central Region,01 to 05
KINGSFORD WATERBAY,"1,400,000","1,108.69","1,263",Jun-21,UPPER SERANGOON VIEW,Resale,Strata,103,"13,592",-,Apartment,1,99 yrs lease commencing from 2014,19,Outside Central Region,01 to 05
REGENTVILLE,"860,000","1,076.4",799,Jun-21,HOUGANG STREET 92,Resale,Strata,100,"8,600",-,Apartment,1,99 yrs lease commencing from 1996,19,Outside Central Region,01 to 05
KINGSFORD WATERBAY,"1,360,000","1,054.87","1,289",Jun-21,UPPER SERANGOON VIEW,Resale,Strata,98,"13,878",-,Apartment,1,99 yrs lease commencing from 2014,19,Outside Central Region,01 to 05
COMPASS HEIGHTS,"1,188,000","1,334.74",890,Jun-21,SENGKANG SQUARE,Resale,Strata,124,"9,581",-,Apartment,1,99 yrs lease commencing from 2000,19,Outside Central Region,01 to 05
THE PROMENADE@PELIKAT,"1,354,000","1,377.79",983,Jun-21,JALAN PELIKAT,Resale,Strata,128,"10,578",-,Apartment,1,Freehold,19,Outside Central Region,01 to 05
BOATHOUSE RESIDENCES,"668,000",624.31,"1,070",Jun-21,UPPER SERANGOON VIEW,Resale,Strata,58,"11,517",-,Condominium,1,99 yrs lease commencing from 2011,19,Outside Central Region,01 to 05
SENGKANG GRAND RESIDENCES,"1,268,000",764.24,"1,659",Jun-21,COMPASSVALE BOW,New Sale,Strata,71,"17,859",-,Apartment,1,99 yrs lease commencing from 2018,19,Outside Central Region,06 to 10
HOUGANG GREEN,"750,000","1,140.98",657,Jun-21,BUANGKOK GREEN,Resale,Strata,106,"7,075",-,Apartment,1,99 yrs lease commencing from 1994,19,Outside Central Region,11 to 15
AFFINITY AT SERANGOON,"1,426,000",850.36,"1,677",Jun-21,SERANGOON NORTH AVENUE 1,New Sale,Strata,79,"18,051",-,Apartment,1,99 yrs lease commencing from 2018,19,Outside Central Region,11 to 15
THE FLORENCE RESIDENCES,"857,000",527.44,"1,625",Jun-21,HOUGANG AVENUE 2,New Sale,Strata,49,"17,490",-,Apartment,1,99 yrs lease commencing from 2018,19,Outside Central Region,01 to 05
THE FLORENCE RESIDENCES,"1,000,000",635.08,"1,575",Jun-21,HOUGANG AVENUE 2,New Sale,Strata,59,"16,949",-,Apartment,1,99 yrs lease commencing from 2018,19,Outside Central Region,01 to 05
AFFINITY AT SERANGOON,"1,498,860",904.18,"1,658",Jun-21,SERANGOON NORTH AVENUE 1,New Sale,Strata,84,"17,844",-,Apartment,1,99 yrs lease commencing from 2018,19,Outside Central Region,01 to 05
THE MINTON,"1,415,000","1,216.33","1,163",Jun-21,HOUGANG STREET 11,Resale,Strata,113,"12,522",-,Condominium,1,99 yrs lease commencing from 2007,19,Outside Central Region,01 to 05
COMPASS HEIGHTS,"1,300,000","1,323.97",982,Jun-21,SENGKANG SQUARE,Resale,Strata,123,"10,569",-,Apartment,1,99 yrs lease commencing from 2000,19,Outside Central Region,06 to 10
MIDTOWN RESIDENCES,"880,000",645.84,"1,363",Jun-21,UPPER SERANGOON ROAD,Resale,Strata,60,"14,667",-,Apartment,1,99 yrs lease commencing from 2013,19,Outside Central Region,06 to 10
PARC CENTROS,"1,150,000",990.29,"1,161",Jun-21,PUNGGOL CENTRAL,Resale,Strata,92,"12,500",-,Condominium,1,99 yrs lease commencing from 2012,19,Outside Central Region,06 to 10
JEWEL @ BUANGKOK,"1,015,000",785.77,"1,292",Jun-21,COMPASSVALE BOW,Resale,Strata,73,"13,904",-,Condominium,1,99 yrs lease commencing from 2012,19,Outside Central Region,06 to 10
CHERRYHILL,"1,933,200","1,743.77","1,109",Jun-21,LORONG LEW LIAN,Resale,Strata,162,"11,933",-,Condominium,1,Freehold,19,Outside Central Region,01 to 05
A TREASURE TROVE,"1,400,000","1,205.57","1,161",Jun-21,PUNGGOL WALK,Resale,Strata,112,"12,500",-,Condominium,1,99 yrs lease commencing from 2011,19,Outside Central Region,06 to 10
KINGSFORD WATERBAY,"1,630,000","1,259.39","1,294",Jun-21,UPPER SERANGOON VIEW,Resale,Strata,117,"13,932",-,Apartment,1,99 yrs lease commencing from 2014,19,Outside Central Region,16 to 20
RIVERSAILS,"868,000",882.65,983,Jun-21,UPPER SERANGOON CRESCENT,Resale,Strata,82,"10,585",-,Condominium,1,99 yrs lease commencing from 2011,19,Outside Central Region,01 to 05
WATERTOWN,"1,560,000","1,108.69","1,407",Jun-21,PUNGGOL CENTRAL,Resale,Strata,103,"15,146",-,Apartment,1,99 yrs lease commencing from 2011,19,Outside Central Region,06 to 10
TRILIVE,"850,000",624.31,"1,361",Jun-21,TAMPINES ROAD,Resale,Strata,58,"14,655",-,Condominium,1,Freehold,19,Outside Central Region,01 to 05
THE WATERLINE,"1,250,000","1,173.28","1,065",Jun-21,POH HUAT ROAD WEST,Resale,Strata,109,"11,468",-,Condominium,1,Freehold,19,Outside Central Region,01 to 05
FOREST WOODS,"1,031,000",635.08,"1,623",Jun-21,LORONG LEW LIAN,Sub Sale,Strata,59,"17,475",-,Condominium,1,99 yrs lease commencing from 2016,19,Outside Central Region,06 to 10
WATERTOWN,"1,620,000","1,119.46","1,447",Jun-21,PUNGGOL CENTRAL,Resale,Strata,104,"15,577",-,Apartment,1,99 yrs lease commencing from 2011,19,Outside Central Region,06 to 10
A TREASURE TROVE,"1,050,000",914.94,"1,148",Jun-21,PUNGGOL WALK,Resale,Strata,85,"12,353",-,Condominium,1,99 yrs lease commencing from 2011,19,Outside Central Region,11 to 15
SENGKANG GRAND RESIDENCES,"1,357,600",764.24,"1,776",Jun-21,COMPASSVALE BOW,New Sale,Strata,71,"19,121",-,Apartment,1,99 yrs lease commencing from 2018,19,Outside Central Region,11 to 15
SENGKANG GRAND RESIDENCES,"1,351,200",764.24,"1,768",Jun-21,COMPASSVALE BOW,New Sale,Strata,71,"19,031",-,Apartment,1,99 yrs lease commencing from 2018,19,Outside Central Region,11 to 15
JANSEN 28,"1,450,000","1,689.95",858,Jun-21,JANSEN ROAD,Resale,Strata,157,"9,236",-,Apartment,1,999 yrs lease commencing from 1876,19,Outside Central Region,01 to 05
BARTLEY RESIDENCES,"730,000",462.85,"1,577",Jun-21,LORONG HOW SUN,Resale,Strata,43,"16,977",-,Apartment,1,99 yrs lease commencing from 2011,19,Outside Central Region,06 to 10
RIVERSAILS,"1,160,000","1,108.69","1,046",Jun-21,UPPER SERANGOON CRESCENT,Resale,Strata,103,"11,262",-,Condominium,1,99 yrs lease commencing from 2011,19,Outside Central Region,06 to 10
RIVERSOUND RESIDENCE,"845,000",753.48,"1,121",Jun-21,SENGKANG EAST AVENUE,Resale,Strata,70,"12,071",-,Condominium,1,99 yrs lease commencing from 2011,19,Outside Central Region,06 to 10
WATERTOWN,"820,000",592.02,"1,385",Jun-21,PUNGGOL CENTRAL,Resale,Strata,55,"14,909",-,Apartment,1,99 yrs lease commencing from 2011,19,Outside Central Region,01 to 05
BARTLEY RESIDENCES,"1,380,000","1,097.93","1,257",Jun-21,LORONG HOW SUN,Resale,Strata,102,"13,529",-,Apartment,1,99 yrs lease commencing from 2011,19,Outside Central Region,01 to 05
CASA ROSA,"1,100,000","1,130.22",973,Jun-21,LORONG ONG LYE,Resale,Strata,105,"10,476",-,Condominium,1,99 yrs lease commencing from 1998,19,Outside Central Region,01 to 05
THE QUINN,"1,968,000","1,776.06","1,108",Jun-21,BARTLEY ROAD,Resale,Strata,165,"11,927",-,Apartment,1,Freehold,19,Outside Central Region,01 to 05
RIVERSAILS,"900,000",882.65,"1,020",Jun-21,UPPER SERANGOON CRESCENT,Resale,Strata,82,"10,976",-,Condominium,1,99 yrs lease commencing from 2011,19,Outside Central Region,01 to 05
THE FLORENCE RESIDENCES,"1,153,112",667.37,"1,728",Jun-21,HOUGANG AVENUE 2,New Sale,Strata,62,"18,599",-,Apartment,1,99 yrs lease commencing from 2018,19,Outside Central Region,11 to 15
FOREST WOODS,"1,595,000",904.18,"1,764",Jun-21,LORONG LEW LIAN,Sub Sale,Strata,84,"18,988",-,Condominium,1,99 yrs lease commencing from 2016,19,Outside Central Region,06 to 10
RESIDENCES BOTANIQUE,"1,188,000","1,054.87","1,126",Jun-21,YIO CHU KANG ROAD,Resale,Strata,98,"12,122",-,Condominium,1,Freehold,19,Outside Central Region,01 to 05
A TREASURE TROVE,"1,428,000","1,205.57","1,185",Jun-21,PUNGGOL WALK,Resale,Strata,112,"12,750",-,Condominium,1,99 yrs lease commencing from 2011,19,Outside Central Region,06 to 10
CARDIFF RESIDENCE,"600,000",430.56,"1,394",Jun-21,CARDIFF GROVE,Resale,Strata,40,"15,000",-,Condominium,1,99 yrs lease commencing from 2011,19,Outside Central Region,01 to 05
FONTAINE PARRY,"1,065,000",914.94,"1,164",Jun-21,POH HUAT ROAD,Resale,Strata,85,"12,529",-,Condominium,1,999 yrs lease commencing from 1877,19,Outside Central Region,01 to 05
THE FLORENCE RESIDENCES,"1,079,000",635.08,"1,699",Jun-21,HOUGANG AVENUE 2,New Sale,Strata,59,"18,288",-,Apartment,1,99 yrs lease commencing from 2018,19,Outside Central Region,11 to 15
VIBES@UPPER SERANGOON,"1,020,000",882.65,"1,156",Jun-21,UPPER SERANGOON ROAD,Resale,Strata,82,"12,439",-,Apartment,1,Freehold,19,Outside Central Region,01 to 05
STARS OF KOVAN,"1,235,000",742.72,"1,663",Jun-21,UPPER SERANGOON ROAD,Sub Sale,Strata,69,"17,899",-,Apartment,1,99 yrs lease commencing from 2015,19,Outside Central Region,11 to 15
SUNGLADE,"1,305,000","1,119.46","1,166",Jun-21,SERANGOON AVENUE 2,Resale,Strata,104,"12,548",-,Condominium,1,99 yrs lease commencing from 2000,19,Outside Central Region,01 to 05
A TREASURE TROVE,"1,200,000","1,044.11","1,149",Jun-21,PUNGGOL WALK,Resale,Strata,97,"12,371",-,Condominium,1,99 yrs lease commencing from 2011,19,Outside Central Region,01 to 05
THE LUXURIE,"1,238,888","1,011.82","1,224",May-21,COMPASSVALE ROAD,Resale,Strata,94,"13,180",-,Condominium,1,99 yrs lease commencing from 2011,19,Outside Central Region,11 to 15
AFFINITY AT SERANGOON,"1,416,000",850.36,"1,665",May-21,SERANGOON NORTH AVENUE 1,New Sale,Strata,79,"17,924",-,Apartment,1,99 yrs lease commencing from 2018,19,Outside Central Region,11 to 15
KOVAN RESIDENCES,"1,610,000","1,259.39","1,278",May-21,KOVAN ROAD,Resale,Strata,117,"13,761",-,Condominium,1,99 yrs lease commencing from 2007,19,Outside Central Region,01 to 05
TERRASSE,"910,000",775.01,"1,174",May-21,TERRASSE LANE,Resale,Strata,72,"12,639",-,Condominium,1,99 yrs lease commencing from 2010,19,Outside Central Region,01 to 05
RIVER ISLES,"1,170,000","1,248.62",937,May-21,EDGEDALE PLAINS,Resale,Strata,116,"10,086",-,Condominium,1,99 yrs lease commencing from 2012,19,Outside Central Region,01 to 05
A TREASURE TROVE,"1,230,000","1,044.11","1,178",May-21,PUNGGOL WALK,Resale,Strata,97,"12,680",-,Condominium,1,99 yrs lease commencing from 2011,19,Outside Central Region,01 to 05
STADIA,"1,728,880","1,431.61","1,208",May-21,YIO CHU KANG ROAD,Resale,Strata,133,"12,999",-,Apartment,1,Freehold,19,Outside Central Region,01 to 05
FLO RESIDENCE,"965,000","1,011.82",954,May-21,PUNGGOL FIELD WALK,Resale,Strata,94,"10,266",-,Condominium,1,99 yrs lease commencing from 2011,19,Outside Central Region,06 to 10
FIORENZA,"1,650,000","1,345.5","1,226",May-21,FLORENCE ROAD,Resale,Strata,125,"13,200",-,Apartment,1,Freehold,19,Outside Central Region,01 to 05
SENGKANG GRAND RESIDENCES,"1,286,400",764.24,"1,683",May-21,COMPASSVALE BOW,New Sale,Strata,71,"18,118",-,Apartment,1,99 yrs lease commencing from 2018,19,Outside Central Region,06 to 10
SENGKANG GRAND RESIDENCES,"2,200,000","1,323.97","1,662",May-21,COMPASSVALE BOW,New Sale,Strata,123,"17,886",-,Apartment,1,99 yrs lease commencing from 2018,19,Outside Central Region,06 to 10
SENGKANG GRAND RESIDENCES,"1,119,200",678.13,"1,650",May-21,COMPASSVALE BOW,New Sale,Strata,63,"17,765",-,Apartment,1,99 yrs lease commencing from 2018,19,Outside Central Region,01 to 05
SENGKANG GRAND RESIDENCES,"2,152,000","1,313.21","1,639",May-21,COMPASSVALE BOW,New Sale,Strata,122,"17,639",-,Apartment,1,99 yrs lease commencing from 2018,19,Outside Central Region,06 to 10
SENGKANG GRAND RESIDENCES,"1,617,600",936.47,"1,727",May-21,COMPASSVALE BOW,New Sale,Strata,87,"18,593",-,Apartment,1,99 yrs lease commencing from 2018,19,Outside Central Region,06 to 10
SENGKANG GRAND RESIDENCES,"1,305,600",764.24,"1,708",May-21,COMPASSVALE BOW,New Sale,Strata,71,"18,389",-,Apartment,1,99 yrs lease commencing from 2018,19,Outside Central Region,06 to 10
THE FLORENCE RESIDENCES,"1,464,000",936.47,"1,563",May-21,HOUGANG AVENUE 2,New Sale,Strata,87,"16,828",-,Apartment,1,99 yrs lease commencing from 2018,19,Outside Central Region,01 to 05
THE FLORENCE RESIDENCES,"845,000",473.62,"1,784",May-21,HOUGANG AVENUE 2,New Sale,Strata,44,"19,205",-,Apartment,1,99 yrs lease commencing from 2018,19,Outside Central Region,11 to 15
RIVERFRONT RESIDENCES,"1,858,032","1,410.08","1,318",May-21,HOUGANG AVENUE 7,New Sale,Strata,131,"14,183",-,Apartment,1,99 yrs lease commencing from 2018,19,Outside Central Region,06 to 10
RIVERFRONT RESIDENCES,"1,379,040",914.94,"1,507",May-21,HOUGANG AVENUE 7,New Sale,Strata,85,"16,224",-,Apartment,1,99 yrs lease commencing from 2018,19,Outside Central Region,11 to 15
SENGKANG GRAND RESIDENCES,"1,280,800",764.24,"1,676",May-21,COMPASSVALE BOW,New Sale,Strata,71,"18,039",-,Apartment,1,99 yrs lease commencing from 2018,19,Outside Central Region,06 to 10
SENGKANG GRAND RESIDENCES,"1,293,600",764.24,"1,693",May-21,COMPASSVALE BOW,New Sale,Strata,71,"18,220",-,Apartment,1,99 yrs lease commencing from 2018,19,Outside Central Region,06 to 10
SENGKANG GRAND RESIDENCES,"2,209,600","1,323.97","1,669",May-21,COMPASSVALE BOW,New Sale,Strata,123,"17,964",-,Apartment,1,99 yrs lease commencing from 2018,19,Outside Central Region,06 to 10
SENGKANG GRAND RESIDENCES,"1,148,800",678.13,"1,694",May-21,COMPASSVALE BOW,New Sale,Strata,63,"18,235",-,Apartment,1,99 yrs lease commencing from 2018,19,Outside Central Region,06 to 10
SENGKANG GRAND RESIDENCES,"1,777,600","1,011.82","1,757",May-21,COMPASSVALE BOW,New Sale,Strata,94,"18,911",-,Apartment,1,99 yrs lease commencing from 2018,19,Outside Central Region,06 to 10
SENGKANG GRAND RESIDENCES,"1,280,000",764.24,"1,675",May-21,COMPASSVALE BOW,New Sale,Strata,71,"18,028",-,Apartment,1,99 yrs lease commencing from 2018,19,Outside Central Region,06 to 10
SENGKANG GRAND RESIDENCES,"1,561,600",936.47,"1,668",May-21,COMPASSVALE BOW,New Sale,Strata,87,"17,949",-,Apartment,1,99 yrs lease commencing from 2018,19,Outside Central Region,01 to 05
AFFINITY AT SERANGOON,"2,255,000","1,410.08","1,599",May-21,SERANGOON NORTH AVENUE 1,New Sale,Strata,131,"17,214",-,Apartment,1,99 yrs lease commencing from 2018,19,Outside Central Region,11 to 15
AFFINITY AT SERANGOON,"1,815,000","1,151.75","1,576",May-21,SERANGOON NORTH AVENUE 1,New Sale,Strata,107,"16,963",-,Apartment,1,99 yrs lease commencing from 2018,19,Outside Central Region,11 to 15
AFFINITY AT SERANGOON,"2,263,000","1,453.14","1,557",May-21,SERANGOON NORTH AVENUE 1,New Sale,Strata,135,"16,763",-,Apartment,1,99 yrs lease commencing from 2018,19,Outside Central Region,11 to 15
BOTANIQUE AT BARTLEY,"1,595,000","1,033.34","1,544",May-21,UPPER PAYA LEBAR ROAD,Resale,Strata,96,"16,615",-,Condominium,1,99 yrs lease commencing from 2014,19,Outside Central Region,01 to 05
ISUITES @ PALM,"790,000",635.08,"1,244",May-21,GLASGOW ROAD,Resale,Strata,59,"13,390",-,Apartment,1,999 yrs lease commencing from 1878,19,Outside Central Region,01 to 05
AFFINITY AT SERANGOON,"1,120,000",624.31,"1,794",May-21,SERANGOON NORTH AVENUE 1,New Sale,Strata,58,"19,310",-,Apartment,1,99 yrs lease commencing from 2018,19,Outside Central Region,11 to 15
RIVERFRONT RESIDENCES,"1,831,920","1,410.08","1,299",May-21,HOUGANG AVENUE 7,New Sale,Strata,131,"13,984",-,Apartment,1,99 yrs lease commencing from 2018,19,Outside Central Region,01 to 05
THE GARDEN RESIDENCES,"2,350,000","1,560.78","1,506",May-21,SERANGOON NORTH VIEW,New Sale,Strata,145,"16,207",-,Apartment,1,99 yrs lease commencing from 2017,19,Outside Central Region,11 to 15
RIVERFRONT RESIDENCES,"1,256,000",914.94,"1,373",May-21,HOUGANG AVENUE 7,New Sale,Strata,85,"14,776",-,Apartment,1,99 yrs lease commencing from 2018,19,Outside Central Region,01 to 05
THE QUARTZ,"1,150,000","1,367.03",841,May-21,COMPASSVALE BOW,Resale,Strata,127,"9,055",-,Condominium,1,99 yrs lease commencing from 2005,19,Outside Central Region,01 to 05
BARTLEY RESIDENCES,"1,685,000","1,162.51","1,449",May-21,LORONG HOW SUN,Resale,Strata,108,"15,602",-,Apartment,1,99 yrs lease commencing from 2011,19,Outside Central Region,11 to 15
REGENTVILLE,"900,000","1,151.75",781,May-21,HOUGANG STREET 92,Resale,Strata,107,"8,411",-,Apartment,1,99 yrs lease commencing from 1996,19,Outside Central Region,11 to 15
SENGKANG GRAND RESIDENCES,"2,220,000","1,323.97","1,677",May-21,COMPASSVALE BOW,New Sale,Strata,123,"18,049",-,Apartment,1,99 yrs lease commencing from 2018,19,Outside Central Region,11 to 15
THE FLORENCE RESIDENCES,"1,140,000",667.37,"1,708",May-21,HOUGANG AVENUE 2,New Sale,Strata,62,"18,387",-,Apartment,1,99 yrs lease commencing from 2018,19,Outside Central Region,01 to 05
JEWEL @ BUANGKOK,"1,018,000",721.19,"1,412",May-21,COMPASSVALE BOW,Resale,Strata,67,"15,194",-,Condominium,1,99 yrs lease commencing from 2012,19,Outside Central Region,06 to 10
PARC CENTROS,"625,000",462.85,"1,350",May-21,PUNGGOL CENTRAL,Resale,Strata,43,"14,535",-,Condominium,1,99 yrs lease commencing from 2012,19,Outside Central Region,01 to 05
THE FLORENCE RESIDENCES,"2,553,000","1,668.42","1,530",May-21,HOUGANG AVENUE 2,New Sale,Strata,155,"16,471",-,Apartment,1,99 yrs lease commencing from 2018,19,Outside Central Region,06 to 10
EVERGREEN PARK,"820,000","1,022.58",802,May-21,HOUGANG AVENUE 7,Resale,Strata,95,"8,632",-,Apartment,1,99 yrs lease commencing from 1995,19,Outside Central Region,01 to 05
FOREST WOODS,"2,300,000","1,248.62","1,842",May-21,LORONG LEW LIAN,Sub Sale,Strata,116,"19,828",-,Condominium,1,99 yrs lease commencing from 2016,19,Outside Central Region,06 to 10
CHILTERN PARK,"1,688,000","1,517.72","1,112",May-21,SERANGOON AVENUE 3,Resale,Strata,141,"11,972",-,Condominium,1,99 yrs lease commencing from 1991,19,Outside Central Region,06 to 10
THE LUXURIE,"1,490,000","1,722.24",865,May-21,COMPASSVALE ROAD,Resale,Strata,160,"9,313",-,Condominium,1,99 yrs lease commencing from 2011,19,Outside Central Region,01 to 05
LA FIESTA,"1,070,000",828.83,"1,291",May-21,SENGKANG SQUARE,Resale,Strata,77,"13,896",-,Condominium,1,99 yrs lease commencing from 2012,19,Outside Central Region,11 to 15
KOVAN REGENCY,"1,315,000",893.41,"1,472",May-21,KOVAN RISE,Resale,Strata,83,"15,843",-,Condominium,1,99 yrs lease commencing from 2012,19,Outside Central Region,06 to 10
PALM HAVEN,"1,180,000","1,087.16","1,085",May-21,PALM GROVE AVENUE,Resale,Strata,101,"11,683",-,Condominium,1,999 yrs lease commencing from 1876,19,Outside Central Region,01 to 05
FLO RESIDENCE,"1,100,000","1,011.82","1,087",May-21,PUNGGOL FIELD WALK,Resale,Strata,94,"11,702",-,Condominium,1,99 yrs lease commencing from 2011,19,Outside Central Region,11 to 15
LA FIESTA,"970,000",731.95,"1,325",May-21,SENGKANG SQUARE,Resale,Strata,68,"14,265",-,Condominium,1,99 yrs lease commencing from 2012,19,Outside Central Region,11 to 15
SENGKANG GRAND RESIDENCES,"1,593,600",936.47,"1,702",May-21,COMPASSVALE BOW,New Sale,Strata,87,"18,317",-,Apartment,1,99 yrs lease commencing from 2018,19,Outside Central Region,06 to 10
THE MINTON,"2,600,000","2,249.68","1,156",May-21,HOUGANG STREET 11,Resale,Strata,209,"12,440",-,Condominium,1,99 yrs lease commencing from 2007,19,Outside Central Region,11 to 15
REGENTVILLE,"1,210,000","1,743.77",694,May-21,HOUGANG STREET 92,Resale,Strata,162,"7,469",-,Apartment,1,99 yrs lease commencing from 1996,19,Outside Central Region,11 to 15
CARDIFF RESIDENCE,"750,000",559.73,"1,340",May-21,CARDIFF GROVE,Resale,Strata,52,"14,423",-,Condominium,1,99 yrs lease commencing from 2011,19,Outside Central Region,01 to 05
THE MINTON,"1,300,000","1,108.69","1,173",May-21,HOUGANG STREET 11,Resale,Strata,103,"12,621",-,Condominium,1,99 yrs lease commencing from 2007,19,Outside Central Region,11 to 15
RIVERSOUND RESIDENCE,"1,110,000","1,065.64","1,042",May-21,SENGKANG EAST AVENUE,Resale,Strata,99,"11,212",-,Condominium,1,99 yrs lease commencing from 2011,19,Outside Central Region,11 to 15
BOATHOUSE RESIDENCES,"890,000",839.59,"1,060",May-21,UPPER SERANGOON VIEW,Resale,Strata,78,"11,410",-,Condominium,1,99 yrs lease commencing from 2011,19,Outside Central Region,01 to 05
PALM GROVE CONDOMINIUM,"1,900,000","1,700.71","1,117",May-21,PALM GROVE AVENUE,Resale,Strata,158,"12,025",-,Condominium,1,999 yrs lease commencing from 1878,19,Outside Central Region,01 to 05
TERRASSE,"1,435,000","1,227.1","1,169",May-21,TERRASSE LANE,Resale,Strata,114,"12,588",-,Condominium,1,99 yrs lease commencing from 2010,19,Outside Central Region,01 to 05
AFFINITY AT SERANGOON,"1,389,960",850.36,"1,635",May-21,SERANGOON NORTH AVENUE 1,New Sale,Strata,79,"17,594",-,Apartment,1,99 yrs lease commencing from 2018,19,Outside Central Region,06 to 10
RIVERFRONT RESIDENCES,"1,270,920",914.94,"1,389",May-21,HOUGANG AVENUE 7,New Sale,Strata,85,"14,952",-,Apartment,1,99 yrs lease commencing from 2018,19,Outside Central Region,06 to 10
SENGKANG GRAND RESIDENCES,"1,569,600",936.47,"1,676",May-21,COMPASSVALE BOW,New Sale,Strata,87,"18,041",-,Apartment,1,99 yrs lease commencing from 2018,19,Outside Central Region,06 to 10
D'ZIRE,"600,000",462.85,"1,296",May-21,ROBEY CRESCENT,Resale,Strata,43,"13,953",-,Apartment,1,999 yrs lease commencing from 1875,19,Outside Central Region,01 to 05
AFFINITY AT SERANGOON,"1,368,000",850.36,"1,609",May-21,SERANGOON NORTH AVENUE 1,New Sale,Strata,79,"17,316",-,Apartment,1,99 yrs lease commencing from 2018,19,Outside Central Region,01 to 05
RIVERFRONT RESIDENCES,"1,892,100","1,410.08","1,342",May-21,HOUGANG AVENUE 7,New Sale,Strata,131,"14,444",-,Apartment,1,99 yrs lease commencing from 2018,19,Outside Central Region,06 to 10
WATERTOWN,"765,000",581.26,"1,316",May-21,PUNGGOL CENTRAL,Resale,Strata,54,"14,167",-,Apartment,1,99 yrs lease commencing from 2011,19,Outside Central Region,06 to 10
PARC CENTROS,"940,000",764.24,"1,230",May-21,PUNGGOL CENTRAL,Resale,Strata,71,"13,239",-,Condominium,1,99 yrs lease commencing from 2012,19,Outside Central Region,11 to 15
BLISS@KOVAN,"1,268,000",839.59,"1,510",May-21,SIMON LANE,Resale,Strata,78,"16,256",-,Condominium,1,Freehold,19,Outside Central Region,01 to 05
THE QUARTZ,"1,220,000","1,151.75","1,059",May-21,COMPASSVALE BOW,Resale,Strata,107,"11,402",-,Condominium,1,99 yrs lease commencing from 2005,19,Outside Central Region,01 to 05
JEWEL @ BUANGKOK,"687,000",484.38,"1,418",May-21,COMPASSVALE BOW,Resale,Strata,45,"15,267",-,Condominium,1,99 yrs lease commencing from 2012,19,Outside Central Region,06 to 10
THE MINTON,"1,020,000",979.52,"1,041",May-21,HOUGANG STREET 11,Resale,Strata,91,"11,209",-,Condominium,1,99 yrs lease commencing from 2007,19,Outside Central Region,01 to 05
RIVERSAILS,"1,000,000",947.23,"1,056",May-21,UPPER SERANGOON CRESCENT,Resale,Strata,88,"11,364",-,Condominium,1,99 yrs lease commencing from 2011,19,Outside Central Region,06 to 10
BARTLEY RESIDENCES,"1,200,000",807.3,"1,486",May-21,LORONG HOW SUN,Resale,Strata,75,"16,000",-,Apartment,1,99 yrs lease commencing from 2011,19,Outside Central Region,11 to 15
LA FIESTA,"1,610,000","1,345.5","1,197",May-21,SENGKANG SQUARE,Resale,Strata,125,"12,880",-,Condominium,1,99 yrs lease commencing from 2012,19,Outside Central Region,11 to 15
AFFINITY AT SERANGOON,"1,374,000",850.36,"1,616",May-21,SERANGOON NORTH AVENUE 1,New Sale,Strata,79,"17,392",-,Apartment,1,99 yrs lease commencing from 2018,19,Outside Central Region,01 to 05
RIVERFRONT RESIDENCES,"1,226,040",871.88,"1,406",May-21,HOUGANG AVENUE 7,New Sale,Strata,81,"15,136",-,Apartment,1,99 yrs lease commencing from 2018,19,Outside Central Region,11 to 15
KOVAN RESIDENCES,"2,200,000","1,776.06","1,239",May-21,KOVAN ROAD,Resale,Strata,165,"13,333",-,Condominium,1,99 yrs lease commencing from 2007,19,Outside Central Region,01 to 05
SENGKANG GRAND RESIDENCES,"1,577,600",936.47,"1,685",May-21,COMPASSVALE BOW,New Sale,Strata,87,"18,133",-,Apartment,1,99 yrs lease commencing from 2018,19,Outside Central Region,06 to 10
SENGKANG GRAND RESIDENCES,"1,124,800",678.13,"1,659",May-21,COMPASSVALE BOW,New Sale,Strata,63,"17,854",-,Apartment,1,99 yrs lease commencing from 2018,19,Outside Central Region,06 to 10
SENGKANG GRAND RESIDENCES,"1,350,400",764.24,"1,767",May-21,COMPASSVALE BOW,New Sale,Strata,71,"19,020",-,Apartment,1,99 yrs lease commencing from 2018,19,Outside Central Region,11 to 15
MIDTOWN RESIDENCES,"908,000",656.6,"1,383",May-21,UPPER SERANGOON ROAD,Resale,Strata,61,"14,885",-,Apartment,1,99 yrs lease commencing from 2013,19,Outside Central Region,06 to 10
PARC VERA,"2,720,000","3,950.39",689,May-21,HOUGANG STREET 32,Resale,Strata,367,"7,411",-,Condominium,1,99 yrs lease commencing from 2010,19,Outside Central Region,16 to 20
RESIDENTIAL APARTMENTS,"1,120,000","1,291.68",867,May-21,LORONG 1 REALTY PARK,Resale,Strata,120,"9,333",-,Apartment,1,999 yrs lease commencing from 1879,19,Outside Central Region,01 to 05
RIVERSOUND RESIDENCE,"975,000",947.23,"1,029",May-21,SENGKANG EAST AVENUE,Resale,Strata,88,"11,080",-,Condominium,1,99 yrs lease commencing from 2011,19,Outside Central Region,06 to 10
JADE RESIDENCES,"1,960,000","1,700.71","1,152",May-21,LEW LIAN VALE,Resale,Strata,158,"12,405",-,Apartment,1,Freehold,19,Outside Central Region,01 to 05
RIVERFRONT RESIDENCES,"2,091,000","1,485.43","1,408",May-21,HOUGANG AVENUE 7,New Sale,Strata,138,"15,152",-,Apartment,1,99 yrs lease commencing from 2018,19,Outside Central Region,01 to 05
SENGKANG GRAND RESIDENCES,"1,148,800",678.13,"1,694",May-21,COMPASSVALE BOW,New Sale,Strata,63,"18,235",-,Apartment,1,99 yrs lease commencing from 2018,19,Outside Central Region,06 to 10
THE FLORENCE RESIDENCES,"1,595,000","1,022.58","1,560",May-21,HOUGANG AVENUE 2,New Sale,Strata,95,"16,789",-,Apartment,1,99 yrs lease commencing from 2018,19,Outside Central Region,11 to 15
AFFINITY AT SERANGOON,"1,347,390",850.36,"1,585",May-21,SERANGOON NORTH AVENUE 1,New Sale,Strata,79,"17,056",-,Apartment,1,99 yrs lease commencing from 2018,19,Outside Central Region,11 to 15
AFFINITY AT SERANGOON,"1,386,000",904.18,"1,533",May-21,SERANGOON NORTH AVENUE 1,New Sale,Strata,84,"16,500",-,Apartment,1,99 yrs lease commencing from 2018,19,Outside Central Region,01 to 05
SENGKANG GRAND RESIDENCES,"1,305,600",764.24,"1,708",May-21,COMPASSVALE BOW,New Sale,Strata,71,"18,389",-,Apartment,1,99 yrs lease commencing from 2018,19,Outside Central Region,06 to 10
THE FLORENCE RESIDENCES,"1,077,000",624.31,"1,725",May-21,HOUGANG AVENUE 2,New Sale,Strata,58,"18,569",-,Apartment,1,99 yrs lease commencing from 2018,19,Outside Central Region,11 to 15
BLISS@KOVAN,"1,300,000",914.94,"1,421",May-21,SIMON LANE,Resale,Strata,85,"15,294",-,Condominium,1,Freehold,19,Outside Central Region,01 to 05
THE BENTLY RESIDENCES@KOVAN,"2,280,000","2,077.45","1,097",May-21,KOVAN ROAD,Resale,Strata,193,"11,813",-,Apartment,1,Freehold,19,Outside Central Region,01 to 05
LA FIESTA,"910,000",731.95,"1,243",May-21,SENGKANG SQUARE,Resale,Strata,68,"13,382",-,Condominium,1,99 yrs lease commencing from 2012,19,Outside Central Region,06 to 10
SENGKANG GRAND RESIDENCES,"1,600,000",936.47,"1,709",May-21,COMPASSVALE BOW,New Sale,Strata,87,"18,391",-,Apartment,1,99 yrs lease commencing from 2018,19,Outside Central Region,06 to 10
KINGSFORD WATERBAY,"600,000",484.38,"1,239",May-21,UPPER SERANGOON VIEW,Resale,Strata,45,"13,333",-,Apartment,1,99 yrs lease commencing from 2014,19,Outside Central Region,11 to 15
BOATHOUSE RESIDENCES,"750,000",710.42,"1,056",May-21,UPPER SERANGOON VIEW,Resale,Strata,66,"11,364",-,Condominium,1,99 yrs lease commencing from 2011,19,Outside Central Region,11 to 15
UPPER SERANGOON SHOPPING CENTRE,"1,430,000","1,463.9",977,May-21,UPPER SERANGOON ROAD,Resale,Strata,136,"10,515",-,Apartment,1,Freehold,19,Outside Central Region,06 to 10
TERRASSE,"1,868,000","1,883.7",992,May-21,TERRASSE LANE,Resale,Strata,175,"10,674",-,Condominium,1,99 yrs lease commencing from 2010,19,Outside Central Region,01 to 05
RIVERVALE CREST,"780,000",947.23,823,May-21,RIVERVALE CRESCENT,Resale,Strata,88,"8,864",-,Apartment,1,99 yrs lease commencing from 1997,19,Outside Central Region,06 to 10
TANGERINE GROVE,"1,550,000","1,184.04","1,309",May-21,PAYA LEBAR CRESCENT,Resale,Strata,110,"14,091",-,Condominium,1,Freehold,19,Outside Central Region,01 to 05
KOVAN GRANDEUR,"685,000",570.49,"1,201",May-21,TAMPINES ROAD,Resale,Strata,53,"12,925",-,Apartment,1,99 yrs lease commencing from 2010,19,Outside Central Region,01 to 05
BOTANIQUE AT BARTLEY,"1,145,000",731.95,"1,564",May-21,UPPER PAYA LEBAR ROAD,Resale,Strata,68,"16,838",-,Condominium,1,99 yrs lease commencing from 2014,19,Outside Central Region,01 to 05
SENGKANG GRAND RESIDENCES,"1,732,000","1,033.34","1,676",May-21,COMPASSVALE BOW,New Sale,Strata,96,"18,042",-,Apartment,1,99 yrs lease commencing from 2018,19,Outside Central Region,06 to 10
GAMBIR RIDGE,"820,000",592.02,"1,385",May-21,GAMBIR WALK,Resale,Strata,55,"14,909",-,Apartment,1,Freehold,19,Outside Central Region,01 to 05
A TREASURE TROVE,"923,000",775.01,"1,191",May-21,PUNGGOL WALK,Resale,Strata,72,"12,819",-,Condominium,1,99 yrs lease commencing from 2011,19,Outside Central Region,11 to 15
RIVER ISLES,"833,000",753.48,"1,106",May-21,EDGEDALE PLAINS,Resale,Strata,70,"11,900",-,Condominium,1,99 yrs lease commencing from 2012,19,Outside Central Region,06 to 10
HOUGANG GREEN,"1,550,000","2,120.51",731,May-21,BUANGKOK GREEN,Resale,Strata,197,"7,868",-,Apartment,1,99 yrs lease commencing from 1994,19,Outside Central Region,16 to 20
NOUVELLE PARK,"2,120,000","1,851.41","1,145",May-21,POH HUAT ROAD WEST,Resale,Strata,172,"12,326",-,Condominium,1,Freehold,19,Outside Central Region,01 to 05
THE SPRINGBLOOM,"999,000",893.41,"1,118",May-21,SERANGOON AVENUE 3,Resale,Strata,83,"12,036",-,Condominium,1,99 yrs lease commencing from 1995,19,Outside Central Region,06 to 10
AFFINITY AT SERANGOON,"2,246,000","1,453.14","1,546",May-21,SERANGOON NORTH AVENUE 1,New Sale,Strata,135,"16,637",-,Apartment,1,99 yrs lease commencing from 2018,19,Outside Central Region,06 to 10
BARTLEY RESIDENCES,"1,600,000","1,162.51","1,376",May-21,LORONG HOW SUN,Resale,Strata,108,"14,815",-,Apartment,1,99 yrs lease commencing from 2011,19,Outside Central Region,06 to 10
STARS OF KOVAN,"1,580,000",947.23,"1,668",May-21,UPPER SERANGOON ROAD,Sub Sale,Strata,88,"17,955",-,Apartment,1,99 yrs lease commencing from 2015,19,Outside Central Region,06 to 10
WATERTOWN,"1,236,666",914.94,"1,352",May-21,PUNGGOL CENTRAL,Resale,Strata,85,"14,549",-,Apartment,1,99 yrs lease commencing from 2011,19,Outside Central Region,06 to 10
A TREASURE TROVE,"1,570,000","1,334.74","1,176",May-21,PUNGGOL WALK,Resale,Strata,124,"12,661",-,Condominium,1,99 yrs lease commencing from 2011,19,Outside Central Region,11 to 15
REGENTVILLE,"860,000","1,151.75",747,May-21,HOUGANG STREET 92,Resale,Strata,107,"8,037",-,Apartment,1,99 yrs lease commencing from 1996,19,Outside Central Region,01 to 05
AFFINITY AT SERANGOON,"1,364,160",850.36,"1,604",May-21,SERANGOON NORTH AVENUE 1,New Sale,Strata,79,"17,268",-,Apartment,1,99 yrs lease commencing from 2018,19,Outside Central Region,06 to 10
PARC VERA,"860,000",785.77,"1,094",May-21,HOUGANG STREET 32,Resale,Strata,73,"11,781",-,Condominium,1,99 yrs lease commencing from 2010,19,Outside Central Region,11 to 15
BOTANIQUE AT BARTLEY,"1,180,000",731.95,"1,612",May-21,UPPER PAYA LEBAR ROAD,Resale,Strata,68,"17,353",-,Condominium,1,99 yrs lease commencing from 2014,19,Outside Central Region,06 to 10
FLO RESIDENCE,"898,000",925.7,970,May-21,PUNGGOL FIELD WALK,Resale,Strata,86,"10,442",-,Condominium,1,99 yrs lease commencing from 2011,19,Outside Central Region,06 to 10
LA FIESTA,"935,000",731.95,"1,277",May-21,SENGKANG SQUARE,Resale,Strata,68,"13,750",-,Condominium,1,99 yrs lease commencing from 2012,19,Outside Central Region,06 to 10
RIVERSAILS,"1,050,000",947.23,"1,108",May-21,UPPER SERANGOON CRESCENT,Resale,Strata,88,"11,932",-,Condominium,1,99 yrs lease commencing from 2011,19,Outside Central Region,11 to 15
AFFINITY AT SERANGOON,"1,047,000",624.31,"1,677",May-21,SERANGOON NORTH AVENUE 1,New Sale,Strata,58,"18,052",-,Apartment,1,99 yrs lease commencing from 2018,19,Outside Central Region,01 to 05
AFFINITY AT SERANGOON,"1,057,000",635.08,"1,664",May-21,SERANGOON NORTH AVENUE 1,New Sale,Strata,59,"17,915",-,Apartment,1,99 yrs lease commencing from 2018,19,Outside Central Region,01 to 05
SENGKANG GRAND RESIDENCES,"1,724,800","1,011.82","1,705",May-21,COMPASSVALE BOW,New Sale,Strata,94,"18,349",-,Apartment,1,99 yrs lease commencing from 2018,19,Outside Central Region,06 to 10
THE FLORENCE RESIDENCES,"2,590,000","1,679.18","1,542",May-21,HOUGANG AVENUE 2,New Sale,Strata,156,"16,603",-,Apartment,1,99 yrs lease commencing from 2018,19,Outside Central Region,16 to 20
LA FIESTA,"935,000",753.48,"1,241",May-21,SENGKANG SQUARE,Resale,Strata,70,"13,357",-,Condominium,1,99 yrs lease commencing from 2012,19,Outside Central Region,06 to 10
WATERTOWN,"760,000",581.26,"1,308",May-21,PUNGGOL CENTRAL,Resale,Strata,54,"14,074",-,Apartment,1,99 yrs lease commencing from 2011,19,Outside Central Region,11 to 15
A TREASURE TROVE,"1,650,000","2,120.51",778,May-21,PUNGGOL WALK,Resale,Strata,197,"8,376",-,Condominium,1,99 yrs lease commencing from 2011,19,Outside Central Region,16 to 20
STADIA,"500,000",559.73,893,May-21,YIO CHU KANG ROAD,Resale,Strata,52,"9,615",-,Apartment,1,Freehold,19,Outside Central Region,01 to 05
LA FIESTA,"940,000",753.48,"1,248",May-21,SENGKANG SQUARE,Resale,Strata,70,"13,429",-,Condominium,1,99 yrs lease commencing from 2012,19,Outside Central Region,01 to 05
A TREASURE TROVE,"1,340,000","1,130.22","1,186",May-21,PUNGGOL WALK,Resale,Strata,105,"12,762",-,Condominium,1,99 yrs lease commencing from 2011,19,Outside Central Region,11 to 15
THE MINTON,"1,150,000",979.52,"1,174",May-21,HOUGANG STREET 11,Resale,Strata,91,"12,637",-,Condominium,1,99 yrs lease commencing from 2007,19,Outside Central Region,06 to 10
AFFINITY AT SERANGOON,"1,461,240",904.18,"1,616",May-21,SERANGOON NORTH AVENUE 1,New Sale,Strata,84,"17,396",-,Apartment,1,99 yrs lease commencing from 2018,19,Outside Central Region,06 to 10
THE FLORENCE RESIDENCES,"1,069,000",635.08,"1,683",May-21,HOUGANG AVENUE 2,New Sale,Strata,59,"18,119",-,Apartment,1,99 yrs lease commencing from 2018,19,Outside Central Region,11 to 15
THE FLORENCE RESIDENCES,"1,550,000",914.94,"1,694",May-21,HOUGANG AVENUE 2,New Sale,Strata,85,"18,235",-,Apartment,1,99 yrs lease commencing from 2018,19,Outside Central Region,06 to 10
THE FLORENCE RESIDENCES,"1,543,000",893.41,"1,727",May-21,HOUGANG AVENUE 2,New Sale,Strata,83,"18,590",-,Apartment,1,99 yrs lease commencing from 2018,19,Outside Central Region,11 to 15
AFFINITY AT SERANGOON,"1,422,000",904.18,"1,573",May-21,SERANGOON NORTH AVENUE 1,New Sale,Strata,84,"16,929",-,Apartment,1,99 yrs lease commencing from 2018,19,Outside Central Region,01 to 05
RIVERFRONT RESIDENCES,"2,078,760","1,485.43","1,399",May-21,HOUGANG AVENUE 7,New Sale,Strata,138,"15,063",-,Apartment,1,99 yrs lease commencing from 2018,19,Outside Central Region,01 to 05
THE FLORENCE RESIDENCES,"1,116,000",667.37,"1,672",May-21,HOUGANG AVENUE 2,New Sale,Strata,62,"18,000",-,Apartment,1,99 yrs lease commencing from 2018,19,Outside Central Region,11 to 15
THE FLORENCE RESIDENCES,"1,177,000",667.37,"1,764",May-21,HOUGANG AVENUE 2,New Sale,Strata,62,"18,984",-,Apartment,1,99 yrs lease commencing from 2018,19,Outside Central Region,11 to 15
THE FLORENCE RESIDENCES,"1,429,000",893.41,"1,599",May-21,HOUGANG AVENUE 2,New Sale,Strata,83,"17,217",-,Apartment,1,99 yrs lease commencing from 2018,19,Outside Central Region,01 to 05
THE TEMBUSU,"2,280,000","1,367.03","1,668",May-21,TAMPINES ROAD,Resale,Strata,127,"17,953",-,Condominium,1,Freehold,19,Outside Central Region,01 to 05
CHILTERN PARK,"1,328,000","1,302.44","1,020",May-21,SERANGOON AVENUE 3,Resale,Strata,121,"10,975",-,Condominium,1,99 yrs lease commencing from 1991,19,Outside Central Region,01 to 05
FOREST WOODS,"1,548,888",925.7,"1,673",May-21,LORONG LEW LIAN,Sub Sale,Strata,86,"18,010",-,Condominium,1,99 yrs lease commencing from 2016,19,Outside Central Region,06 to 10
KOVAN MELODY,"1,060,000",871.88,"1,216",May-21,KOVAN ROAD,Resale,Strata,81,"13,086",-,Condominium,1,99 yrs lease commencing from 2004,19,Outside Central Region,11 to 15
RIVERFRONT RESIDENCES,"1,811,272","1,410.08","1,285",May-21,HOUGANG AVENUE 7,New Sale,Strata,131,"13,827",-,Apartment,1,99 yrs lease commencing from 2018,19,Outside Central Region,06 to 10
JADE RESIDENCES,"1,225,000",731.95,"1,674",May-21,LEW LIAN VALE,Resale,Strata,68,"18,015",-,Apartment,1,Freehold,19,Outside Central Region,01 to 05
RIVER ISLES,"1,500,000","1,496.2","1,003",May-21,EDGEDALE PLAINS,Resale,Strata,139,"10,791",-,Condominium,1,99 yrs lease commencing from 2012,19,Outside Central Region,06 to 10
THE GAZANIA,"2,389,000","1,216.33","1,964",May-21,HOW SUN DRIVE,New Sale,Strata,113,"21,142",-,Condominium,1,Freehold,19,Outside Central Region,01 to 05
FOREST WOODS,"1,280,000",742.72,"1,723",May-21,LORONG LEW LIAN,Sub Sale,Strata,69,"18,551",-,Condominium,1,99 yrs lease commencing from 2016,19,Outside Central Region,11 to 15
THE FLORENCE RESIDENCES,"827,000",473.62,"1,746",May-21,HOUGANG AVENUE 2,New Sale,Strata,44,"18,795",-,Apartment,1,99 yrs lease commencing from 2018,19,Outside Central Region,11 to 15
KINGSFORD WATERBAY,"875,000",678.13,"1,290",May-21,UPPER SERANGOON VIEW,Resale,Strata,63,"13,889",-,Apartment,1,99 yrs lease commencing from 2014,19,Outside Central Region,06 to 10
KINGSFORD WATERBAY,"1,145,000",850.36,"1,346",May-21,UPPER SERANGOON VIEW,Resale,Strata,79,"14,494",-,Apartment,1,99 yrs lease commencing from 2014,19,Outside Central Region,11 to 15
PARC VERA,"928,000",871.88,"1,064",May-21,HOUGANG STREET 32,Resale,Strata,81,"11,457",-,Condominium,1,99 yrs lease commencing from 2010,19,Outside Central Region,01 to 05
TANGERINE GROVE,"1,560,000","1,194.8","1,306",May-21,PAYA LEBAR CRESCENT,Resale,Strata,111,"14,054",-,Condominium,1,Freehold,19,Outside Central Region,01 to 05
STARS OF KOVAN,"1,200,000",764.24,"1,570",May-21,UPPER SERANGOON ROAD,Sub Sale,Strata,71,"16,901",-,Apartment,1,99 yrs lease commencing from 2015,19,Outside Central Region,06 to 10
FLO RESIDENCE,"925,000","1,011.82",914,May-21,PUNGGOL FIELD WALK,Resale,Strata,94,"9,840",-,Condominium,1,99 yrs lease commencing from 2011,19,Outside Central Region,01 to 05
RIVER ISLES,"1,260,000","1,420.85",887,May-21,EDGEDALE PLAINS,Resale,Strata,132,"9,545",-,Condominium,1,99 yrs lease commencing from 2012,19,Outside Central Region,01 to 05
SUITES @ PAYA LEBAR,"610,000",409.03,"1,491",May-21,UPPER PAYA LEBAR ROAD,Resale,Strata,38,"16,053",-,Apartment,1,Freehold,19,Outside Central Region,01 to 05
SENGKANG GRAND RESIDENCES,"1,760,000","1,011.82","1,739",May-21,COMPASSVALE BOW,New Sale,Strata,94,"18,723",-,Apartment,1,99 yrs lease commencing from 2018,19,Outside Central Region,06 to 10
SENGKANG GRAND RESIDENCES,"1,692,800","1,011.82","1,673",May-21,COMPASSVALE BOW,New Sale,Strata,94,"18,009",-,Apartment,1,99 yrs lease commencing from 2018,19,Outside Central Region,01 to 05
SENGKANG GRAND RESIDENCES,"1,592,000",936.47,"1,700",May-21,COMPASSVALE BOW,New Sale,Strata,87,"18,299",-,Apartment,1,99 yrs lease commencing from 2018,19,Outside Central Region,06 to 10
THE FLORENCE RESIDENCES,"2,575,000","1,679.18","1,533",May-21,HOUGANG AVENUE 2,New Sale,Strata,156,"16,506",-,Apartment,1,99 yrs lease commencing from 2018,19,Outside Central Region,11 to 15
THE FLORENCE RESIDENCES,"1,539,000","1,011.82","1,521",May-21,HOUGANG AVENUE 2,New Sale,Strata,94,"16,372",-,Apartment,1,99 yrs lease commencing from 2018,19,Outside Central Region,01 to 05
THE FLORENCE RESIDENCES,"1,016,000",635.08,"1,600",May-21,HOUGANG AVENUE 2,New Sale,Strata,59,"17,220",-,Apartment,1,99 yrs lease commencing from 2018,19,Outside Central Region,01 to 05
KOVAN MELODY,"1,400,000","1,227.1","1,141",May-21,KOVAN ROAD,Resale,Strata,114,"12,281",-,Condominium,1,99 yrs lease commencing from 2004,19,Outside Central Region,11 to 15
BOTANIQUE AT BARTLEY,"750,000",516.67,"1,452",May-21,UPPER PAYA LEBAR ROAD,Resale,Strata,48,"15,625",-,Condominium,1,99 yrs lease commencing from 2014,19,Outside Central Region,01 to 05
BAYOU RESIDENCE,"1,100,000",936.47,"1,175",May-21,UPPER PAYA LEBAR ROAD,Resale,Strata,87,"12,644",-,Apartment,1,Freehold,19,Outside Central Region,01 to 05
THE MINTON,"1,060,000",936.47,"1,132",May-21,HOUGANG STREET 11,Resale,Strata,87,"12,184",-,Condominium,1,99 yrs lease commencing from 2007,19,Outside Central Region,11 to 15
BOTANIQUE AT BARTLEY,"1,000,000",656.6,"1,523",May-21,UPPER PAYA LEBAR ROAD,Resale,Strata,61,"16,393",-,Condominium,1,99 yrs lease commencing from 2014,19,Outside Central Region,06 to 10
BOTANIQUE AT BARTLEY,"1,200,000",731.95,"1,639",May-21,UPPER PAYA LEBAR ROAD,Resale,Strata,68,"17,647",-,Condominium,1,99 yrs lease commencing from 2014,19,Outside Central Region,11 to 15
SUNGLADE,"1,250,000","1,044.11","1,197",May-21,SERANGOON AVENUE 2,Resale,Strata,97,"12,887",-,Condominium,1,99 yrs lease commencing from 2000,19,Outside Central Region,11 to 15
THE MINTON,"1,490,000","1,216.33","1,225",May-21,HOUGANG STREET 11,Resale,Strata,113,"13,186",-,Condominium,1,99 yrs lease commencing from 2007,19,Outside Central Region,11 to 15
JEWEL @ BUANGKOK,"1,000,000",775.01,"1,290",May-21,COMPASSVALE BOW,Resale,Strata,72,"13,889",-,Condominium,1,99 yrs lease commencing from 2012,19,Outside Central Region,06 to 10
KOVAN REGENCY,"870,000",624.31,"1,394",May-21,KOVAN RISE,Resale,Strata,58,"15,000",-,Condominium,1,99 yrs lease commencing from 2012,19,Outside Central Region,06 to 10
RIVERSAILS,"1,003,888",947.23,"1,060",May-21,UPPER SERANGOON CRESCENT,Resale,Strata,88,"11,408",-,Condominium,1,99 yrs lease commencing from 2011,19,Outside Central Region,06 to 10
VIBES@UPPER SERANGOON,"605,000",441.32,"1,371",May-21,UPPER SERANGOON ROAD,Resale,Strata,41,"14,756",-,Apartment,1,Freehold,19,Outside Central Region,01 to 05
RIVER ISLES,"1,280,000","1,227.1","1,043",May-21,EDGEDALE PLAINS,Resale,Strata,114,"11,228",-,Condominium,1,99 yrs lease commencing from 2012,19,Outside Central Region,06 to 10
WATERTOWN,"768,000",527.44,"1,456",May-21,PUNGGOL CENTRAL,Resale,Strata,49,"15,673",-,Apartment,1,99 yrs lease commencing from 2011,19,Outside Central Region,11 to 15
CARDIFF RESIDENCE,"775,000",624.31,"1,241",May-21,CARDIFF GROVE,Resale,Strata,58,"13,362",-,Condominium,1,99 yrs lease commencing from 2011,19,Outside Central Region,01 to 05
THE QUARTZ,"1,250,000","1,044.11","1,197",May-21,COMPASSVALE BOW,Resale,Strata,97,"12,887",-,Condominium,1,99 yrs lease commencing from 2005,19,Outside Central Region,16 to 20
A TREASURE TROVE,"858,000",775.01,"1,107",May-21,PUNGGOL WALK,Resale,Strata,72,"11,917",-,Condominium,1,99 yrs lease commencing from 2011,19,Outside Central Region,01 to 05
PARC CENTROS,"618,000",462.85,"1,335",May-21,PUNGGOL CENTRAL,Resale,Strata,43,"14,372",-,Condominium,1,99 yrs lease commencing from 2012,19,Outside Central Region,06 to 10
RIVERSAILS,"955,000",882.65,"1,082",May-21,UPPER SERANGOON CRESCENT,Resale,Strata,82,"11,646",-,Condominium,1,99 yrs lease commencing from 2011,19,Outside Central Region,01 to 05
PARC VERA,"1,225,000","1,140.98","1,074",May-21,HOUGANG STREET 32,Resale,Strata,106,"11,557",-,Condominium,1,99 yrs lease commencing from 2010,19,Outside Central Region,11 to 15
AFFINITY AT SERANGOON,"1,473,000",904.18,"1,629",May-21,SERANGOON NORTH AVENUE 1,New Sale,Strata,84,"17,536",-,Apartment,1,99 yrs lease commencing from 2018,19,Outside Central Region,11 to 15
RIVERFRONT RESIDENCES,"1,018,980",731.95,"1,392",May-21,HOUGANG AVENUE 7,New Sale,Strata,68,"14,985",-,Apartment,1,99 yrs lease commencing from 2018,19,Outside Central Region,16 to 20
THE GAZANIA,"957,000",441.32,"2,168",May-21,HOW SUN DRIVE,New Sale,Strata,41,"23,341",-,Condominium,1,Freehold,19,Outside Central Region,01 to 05
CENTRAL VIEW,"1,050,000","1,205.57",871,May-21,HOUGANG STREET 11,Resale,Strata,112,"9,375",-,Condominium,1,99 yrs lease commencing from 1998,19,Outside Central Region,11 to 15
KINGSFORD WATERBAY,"853,000",721.19,"1,183",May-21,UPPER SERANGOON VIEW,Resale,Strata,67,"12,731",-,Apartment,1,99 yrs lease commencing from 2014,19,Outside Central Region,06 to 10
THE MINTON,"1,285,000","1,216.33","1,056",May-21,HOUGANG STREET 11,Resale,Strata,113,"11,372",-,Condominium,1,99 yrs lease commencing from 2007,19,Outside Central Region,01 to 05
SENGKANG GRAND RESIDENCES,"1,563,600",936.47,"1,670",May-21,COMPASSVALE BOW,New Sale,Strata,87,"17,972",-,Apartment,1,99 yrs lease commencing from 2018,19,Outside Central Region,06 to 10
THE FLORENCE RESIDENCES,"1,023,000",635.08,"1,611",May-21,HOUGANG AVENUE 2,New Sale,Strata,59,"17,339",-,Apartment,1,99 yrs lease commencing from 2018,19,Outside Central Region,06 to 10
EVERGREEN PARK,"828,000","1,087.16",762,May-21,HOUGANG AVENUE 7,Resale,Strata,101,"8,198",-,Apartment,1,99 yrs lease commencing from 1995,19,Outside Central Region,16 to 20
THE MINTON,"965,000",979.52,985,May-21,HOUGANG STREET 11,Resale,Strata,91,"10,604",-,Condominium,1,99 yrs lease commencing from 2007,19,Outside Central Region,01 to 05
THE SCALA,"760,000",473.62,"1,605",May-21,SERANGOON AVENUE 3,Resale,Strata,44,"17,273",-,Apartment,1,99 yrs lease commencing from 2010,19,Outside Central Region,06 to 10
RIVER ISLES,"1,205,000","1,173.28","1,027",May-21,EDGEDALE PLAINS,Resale,Strata,109,"11,055",-,Condominium,1,99 yrs lease commencing from 2012,19,Outside Central Region,11 to 15
THE MINTON,"1,778,000","1,496.2","1,188",May-21,HOUGANG STREET 11,Resale,Strata,139,"12,791",-,Condominium,1,99 yrs lease commencing from 2007,19,Outside Central Region,06 to 10
THE MINTON,"1,000,000",979.52,"1,021",May-21,HOUGANG STREET 11,Resale,Strata,91,"10,989",-,Condominium,1,99 yrs lease commencing from 2007,19,Outside Central Region,01 to 05
RIVERFRONT RESIDENCES,"1,250,000",914.94,"1,366",May-21,HOUGANG AVENUE 7,New Sale,Strata,85,"14,706",-,Apartment,1,99 yrs lease commencing from 2018,19,Outside Central Region,06 to 10
SENGKANG GRAND RESIDENCES,"1,351,200",764.24,"1,768",May-21,COMPASSVALE BOW,New Sale,Strata,71,"19,031",-,Apartment,1,99 yrs lease commencing from 2018,19,Outside Central Region,06 to 10
FOREST WOODS,"1,280,000",818.06,"1,565",May-21,LORONG LEW LIAN,Sub Sale,Strata,76,"16,842",-,Condominium,1,99 yrs lease commencing from 2016,19,Outside Central Region,01 to 05
RIO VISTA,"890,000","1,054.87",844,May-21,UPPER SERANGOON VIEW,Resale,Strata,98,"9,082",-,Condominium,1,99 yrs lease commencing from 2001,19,Outside Central Region,16 to 20
RIVER ISLES,"1,170,000","1,065.64","1,098",May-21,EDGEDALE PLAINS,Resale,Strata,99,"11,818",-,Condominium,1,99 yrs lease commencing from 2012,19,Outside Central Region,16 to 20
KOVAN RESIDENCES,"2,190,000","1,765.3","1,241",May-21,KOVAN ROAD,Resale,Strata,164,"13,354",-,Condominium,1,99 yrs lease commencing from 2007,19,Outside Central Region,11 to 15
PARC CENTROS,"626,000",462.85,"1,352",May-21,PUNGGOL CENTRAL,Resale,Strata,43,"14,558",-,Condominium,1,99 yrs lease commencing from 2012,19,Outside Central Region,01 to 05
RIO VISTA,"1,228,000","1,377.79",891,May-21,UPPER SERANGOON VIEW,Resale,Strata,128,"9,594",-,Condominium,1,99 yrs lease commencing from 2001,19,Outside Central Region,06 to 10
CHILTERN PARK,"1,280,000","1,270.15","1,008",May-21,SERANGOON AVENUE 3,Resale,Strata,118,"10,847",-,Condominium,1,99 yrs lease commencing from 1991,19,Outside Central Region,01 to 05
THE SUNSHINE,"1,350,000","1,237.86","1,091",May-21,SUNSHINE TERRACE,Resale,Strata,115,"11,739",-,Apartment,1,Freehold,19,Outside Central Region,06 to 10
FOREST WOODS,"1,198,000",721.19,"1,661",May-21,LORONG LEW LIAN,Sub Sale,Strata,67,"17,881",-,Condominium,1,99 yrs lease commencing from 2016,19,Outside Central Region,01 to 05
RIVERSAILS,"1,010,000",947.23,"1,066",May-21,UPPER SERANGOON CRESCENT,Resale,Strata,88,"11,477",-,Condominium,1,99 yrs lease commencing from 2011,19,Outside Central Region,01 to 05
KINGSFORD WATERBAY,"1,145,000",882.65,"1,297",May-21,UPPER SERANGOON VIEW,Resale,Strata,82,"13,963",-,Apartment,1,99 yrs lease commencing from 2014,19,Outside Central Region,06 to 10
THE QUINN,"845,000",559.73,"1,510",May-21,BARTLEY ROAD,Resale,Strata,52,"16,250",-,Apartment,1,Freehold,19,Outside Central Region,01 to 05
BOTANIQUE AT BARTLEY,"990,000",656.6,"1,508",May-21,UPPER PAYA LEBAR ROAD,Resale,Strata,61,"16,230",-,Condominium,1,99 yrs lease commencing from 2014,19,Outside Central Region,06 to 10
AFFLUENCE COURT,"1,250,000","1,259.39",993,May-21,AH SOO GARDEN,Resale,Strata,117,"10,684",-,Apartment,1,Freehold,19,Outside Central Region,01 to 05
SUNGLADE,"1,340,000","1,140.98","1,174",May-21,SERANGOON AVENUE 2,Resale,Strata,106,"12,642",-,Condominium,1,99 yrs lease commencing from 2000,19,Outside Central Region,01 to 05
BOTANIQUE AT BARTLEY,"1,660,000","1,033.34","1,606",May-21,UPPER PAYA LEBAR ROAD,Resale,Strata,96,"17,292",-,Condominium,1,99 yrs lease commencing from 2014,19,Outside Central Region,01 to 05
EVERGREEN PARK,"900,000","1,367.03",658,May-21,HOUGANG AVENUE 7,Resale,Strata,127,"7,087",-,Apartment,1,99 yrs lease commencing from 1995,19,Outside Central Region,01 to 05
GAMBIR RIDGE,"1,830,000","1,560.78","1,172",May-21,GAMBIR WALK,Resale,Strata,145,"12,621",-,Apartment,1,Freehold,19,Outside Central Region,01 to 05
COMPASS HEIGHTS,"1,150,000","1,291.68",890,May-21,SENGKANG SQUARE,Resale,Strata,120,"9,583",-,Apartment,1,99 yrs lease commencing from 2000,19,Outside Central Region,11 to 15
CHILTERN PARK,"1,010,000",914.94,"1,104",May-21,SERANGOON AVENUE 3,Resale,Strata,85,"11,882",-,Condominium,1,99 yrs lease commencing from 1991,19,Outside Central Region,06 to 10
THE MINTON,"1,395,000","1,216.33","1,147",May-21,HOUGANG STREET 11,Resale,Strata,113,"12,345",-,Condominium,1,99 yrs lease commencing from 2007,19,Outside Central Region,06 to 10
EVERGREEN PARK,"790,000","1,022.58",773,May-21,HOUGANG AVENUE 7,Resale,Strata,95,"8,316",-,Apartment,1,99 yrs lease commencing from 1995,19,Outside Central Region,11 to 15
RIVERFRONT RESIDENCES,"1,188,000",871.88,"1,363",May-21,HOUGANG AVENUE 7,New Sale,Strata,81,"14,667",-,Apartment,1,99 yrs lease commencing from 2018,19,Outside Central Region,01 to 05
RIVERFRONT RESIDENCES,"1,256,000",914.94,"1,373",May-21,HOUGANG AVENUE 7,New Sale,Strata,85,"14,776",-,Apartment,1,99 yrs lease commencing from 2018,19,Outside Central Region,06 to 10
WATERTOWN,"770,000",581.26,"1,325",May-21,PUNGGOL CENTRAL,Resale,Strata,54,"14,259",-,Apartment,1,99 yrs lease commencing from 2011,19,Outside Central Region,11 to 15
SENGKANG GRAND RESIDENCES,"1,562,800",936.47,"1,669",May-21,COMPASSVALE BOW,New Sale,Strata,87,"17,963",-,Apartment,1,99 yrs lease commencing from 2018,19,Outside Central Region,06 to 10
THE LUXURIE,"1,235,000","1,011.82","1,221",May-21,COMPASSVALE ROAD,Resale,Strata,94,"13,138",-,Condominium,1,99 yrs lease commencing from 2011,19,Outside Central Region,11 to 15
COMPASS HEIGHTS,"1,800,000","2,389.61",753,May-21,SENGKANG SQUARE,Resale,Strata,222,"8,108",-,Apartment,1,99 yrs lease commencing from 2000,19,Outside Central Region,11 to 15
CHERRYHILL,"1,745,000","1,733","1,007",May-21,LORONG LEW LIAN,Resale,Strata,161,"10,839",-,Condominium,1,Freehold,19,Outside Central Region,01 to 05
COMPASS HEIGHTS,"1,515,000","1,969.81",769,May-21,SENGKANG SQUARE,Resale,Strata,183,"8,279",-,Apartment,1,99 yrs lease commencing from 2000,19,Outside Central Region,11 to 15
JEWEL @ BUANGKOK,"1,600,000","1,205.57","1,327",May-21,COMPASSVALE BOW,Resale,Strata,112,"14,286",-,Condominium,1,99 yrs lease commencing from 2012,19,Outside Central Region,11 to 15
RIVERSAILS,"1,278,000","1,377.79",928,May-21,UPPER SERANGOON CRESCENT,Resale,Strata,128,"9,984",-,Condominium,1,99 yrs lease commencing from 2011,19,Outside Central Region,01 to 05
THE SCALA,"1,230,000",850.36,"1,446",May-21,SERANGOON AVENUE 3,Resale,Strata,79,"15,570",-,Apartment,1,99 yrs lease commencing from 2010,19,Outside Central Region,06 to 10
AFFINITY AT SERANGOON,"2,140,320","1,410.08","1,518",May-21,SERANGOON NORTH AVENUE 1,New Sale,Strata,131,"16,338",-,Apartment,1,99 yrs lease commencing from 2018,19,Outside Central Region,06 to 10
RIVERFRONT RESIDENCES,"1,433,000","1,065.64","1,345",May-21,HOUGANG AVENUE 7,New Sale,Strata,99,"14,475",-,Apartment,1,99 yrs lease commencing from 2018,19,Outside Central Region,16 to 20
SENGKANG GRAND RESIDENCES,"1,508,400",936.47,"1,611",May-21,COMPASSVALE BOW,New Sale,Strata,87,"17,338",-,Apartment,1,99 yrs lease commencing from 2018,19,Outside Central Region,06 to 10
SENGKANG GRAND RESIDENCES,"1,554,800",936.47,"1,660",May-21,COMPASSVALE BOW,New Sale,Strata,87,"17,871",-,Apartment,1,99 yrs lease commencing from 2018,19,Outside Central Region,06 to 10
THE FLORENCE RESIDENCES,"896,000",527.44,"1,699",May-21,HOUGANG AVENUE 2,New Sale,Strata,49,"18,286",-,Apartment,1,99 yrs lease commencing from 2018,19,Outside Central Region,06 to 10
THE FLORENCE RESIDENCES,"1,125,000",667.37,"1,686",May-21,HOUGANG AVENUE 2,New Sale,Strata,62,"18,145",-,Apartment,1,99 yrs lease commencing from 2018,19,Outside Central Region,11 to 15
PARC CENTROS,"1,070,000",990.29,"1,080",May-21,PUNGGOL CENTRAL,Resale,Strata,92,"11,630",-,Condominium,1,99 yrs lease commencing from 2012,19,Outside Central Region,01 to 05
SENGKANG GRAND RESIDENCES,"1,612,000",947.23,"1,702",May-21,COMPASSVALE BOW,New Sale,Strata,88,"18,318",-,Apartment,1,99 yrs lease commencing from 2018,19,Outside Central Region,06 to 10
THE FLORENCE RESIDENCES,"1,143,000",667.37,"1,713",May-21,HOUGANG AVENUE 2,New Sale,Strata,62,"18,435",-,Apartment,1,99 yrs lease commencing from 2018,19,Outside Central Region,11 to 15
KOVAN REGENCY,"1,338,000",893.41,"1,498",May-21,KOVAN RISE,Resale,Strata,83,"16,120",-,Condominium,1,99 yrs lease commencing from 2012,19,Outside Central Region,11 to 15
THE MINTON,"1,145,000",990.29,"1,156",May-21,HOUGANG STREET 11,Resale,Strata,92,"12,446",-,Condominium,1,99 yrs lease commencing from 2007,19,Outside Central Region,11 to 15
RIVERSOUND RESIDENCE,"950,000",947.23,"1,003",May-21,SENGKANG EAST AVENUE,Resale,Strata,88,"10,795",-,Condominium,1,99 yrs lease commencing from 2011,19,Outside Central Region,06 to 10
THE FLORENTINE,"1,588,888","1,463.9","1,085",May-21,FLORENCE ROAD,Resale,Strata,136,"11,683",-,Apartment,1,947 yrs lease commencing from 1934,19,Outside Central Region,01 to 05
