name,type,education_tag,address,postal_code,phone,email,website,zone,school_active,is_enrolling,latitude,longitude
MOE Kindergarten @ Alexandra,preschool,MOE Kindergarten,2A Prince Charles Crescent,159016,6248 5400,mk_alexandra@moe.edu.sg,https://www.alexandrapri.moe.edu.sg/mk-at-alexandra/center-heads-message/,Bukit Merah,True,True,,
MOE Kindergarten @ Anchor Green,preschool,MOE Kindergarten,31 Anchorvale Drive,544969,6886 1356,mk_anchorgreen@moe.edu.sg,https://anchorgreenpri.moe.edu.sg/mk-at-anchor-green/about-mk,Sengkang,True,True,,
MOE Kindergarten @ Ang Mo Kio,preschool,MOE Kindergarten,20 Ang Mo Kio Avenue 3,569920,6250 9029,mk_angmokio@moe.edu.sg,https://www.angmokiopri.moe.edu.sg/moe-kindergarten-at-amk/about-us/,Ang Mo Kio,True,True,,
MOE Kindergarten @ Angsana,preschool,MOE Kindergarten,51 Tampines Street 61,528565,6229 6455,mk_angsana@moe.edu.sg,https://www.angsanapri.moe.edu.sg/mk-at-angsana/mk-at-angsana/,Tampines,True,True,,
MOE Kindergarten @ Bendemeer,preschool,MOE Kindergarten,91 Bendemeer Road,339948,6298 2911,mk_bendemeer@moe.edu.sg,https://www.bendemeerpri.moe.edu.sg/mk-at-bendemeer/about-mk-at-bendemeer/,Kallang,True,True,,
MOE Kindergarten @ Bukit View,preschool,MOE Kindergarten,101 Bukit Batok West Avenue 8,659778,6872 2220,,,Bukit Batok,True,False,,
MOE Kindergarten @ Casuarina,preschool,MOE Kindergarten,30 Pasir Ris Street 41,518935,6583 7132,mk_casuarina@moe.edu.sg,https://www.casuarinapri.moe.edu.sg/moe-kindergarten-casuarina/announcement/,Pasir Ris,True,True,,
MOE Kindergarten @ Cedar,preschool,MOE Kindergarten,15 Cedar Avenue,349700,6288 5633,mk_cedar@moe.edu.sg,https://cedarpri.moe.edu.sg/mk-at-cedar/about-us,Toa Payoh,True,True,,
MOE Kindergarten @ Damai,preschool,MOE Kindergarten,To Be Located in Tampines North. Address Will Be Released At A Later Date.,None,6872 2220,,,Tampines North,True,False,,
MOE Kindergarten @ Dazhong,preschool,MOE Kindergarten,35 Bukit Batok Street 31,659441,6896 0738,mk_dazhong@moe.edu.sg,https://www.dazhongpri.moe.edu.sg/mk-dazhong/mk-dazhong/mk-welcome/,Bukit Batok,True,True,,
MOE Kindergarten @ Elias Park,preschool,MOE Kindergarten,11 Pasir Ris Street 52,518866,6584 4393,mk_eliaspark@moe.edu.sg,https://www.eliasparkpri.moe.edu.sg/mkeliaspark/announcement/,Pasir Ris,True,True,,
MOE Kindergarten @ Farrer Park,preschool,MOE Kindergarten,2 Farrer Park Road,217567,6341 5389,mk_farrerpark@moe.edu.sg,https://www.farrerparkpri.moe.edu.sg/moe-kindergarten/overview/,Farrer Park,True,True,,
MOE Kindergarten @ Fengshan,preschool,MOE Kindergarten,307 Bedok North Road,469680,6343 2088,mk_fengshan@moe.edu.sg,https://fengshanpri.moe.edu.sg/mk-fengshan-primary-school/,Bedok,True,True,,
MOE Kindergarten @ Fern Green,preschool,MOE Kindergarten,70 Fernvale Link,797538,6634 1318,mk_ferngreen@moe.edu.sg,https://sites.google.com/moe.edu.sg/mkferngreen/about-us/our-curriculum,Sengkang,True,True,,
MOE Kindergarten @ Fernvale,preschool,MOE Kindergarten,1 Fernvale Lane,797701,6312 4121,mk_fernvale@moe.edu.sg,https://www.fernvalepri.moe.edu.sg/moe-kindergarten-at-fernvale/about-us/,Sengkang,True,True,,
MOE Kindergarten @ First Toa Payoh,preschool,MOE Kindergarten,7 Lorong 8 Toa Payoh,319252,6262 0331,mk_firsttoapayoh@moe.edu.sg,https://firsttoapayohpri.moe.edu.sg/mk-at-first-toa-payoh/mk-at-first-toa-payoh-virtual-tour,Toa Payoh,True,True,,
MOE Kindergarten @ Frontier,preschool,MOE Kindergarten,20 Jurong West Street 61,648200,6578 9555,mk_frontier@moe.edu.sg,https://frontierpri.moe.edu.sg/virtual-tour-of-moe-kindergarten-frontier,Jurong West,True,True,,
MOE Kindergarten @ Gongshang,preschool,MOE Kindergarten,1 Tampines Street 42,529176,6783 1191,mk_gongshang@moe.edu.sg,https://www.gongshangpri.moe.edu.sg/kindergarten/about-mk/,Tampines,True,True,,
MOE Kindergarten @ Greendale,preschool,MOE Kindergarten,50 Edgedale Plains,828848,6244 5001,mk_greendale@moe.edu.sg,https://www.greendalepri.moe.edu.sg/moe-kindergarten-at-greendale/moe-kindergarten-at-greendale/,Punggol,True,True,,
MOE Kindergarten @ Horizon,preschool,MOE Kindergarten,61 Edgedale Plains,828819,6235 6960,mk_horizon@moe.edu.sg,https://www.horizonpri.moe.edu.sg/moe-kindergarten/moe-kindergarten-at-horizon/,Punggol,True,True,,
MOE Kindergarten @ Hougang,preschool,MOE Kindergarten,1 Hougang Street 93,534238,6203 4087,mk_hougang@moe.edu.sg,https://www.hougangpri.moe.edu.sg/mkhougang/,Hougang,True,True,,
MOE Kindergarten @ Huamin,preschool,MOE Kindergarten,21 Yishun Avenue 11,768857,6710 7874,mk_huamin@moe.edu.sg,https://sites.google.com/huamin.edu.sg/mkhm,Yishun,True,True,,
MOE Kindergarten @ Jing Shan,preschool,MOE Kindergarten,5 Ang Mo Kio Street 52,569228,6252 1538,mk_jingshan@moe.edu.sg,https://www.jingshanpri.moe.edu.sg/mk-at-jing-shan/about-us/,Ang Mo Kio,True,True,,
MOE Kindergarten @ Junyuan,preschool,MOE Kindergarten,2 Tampines Street 91,528906,6783 0375,mk_junyuan@moe.edu.sg,https://www.junyuanpri.moe.edu.sg/welcome/,Tampines,True,True,,
MOE Kindergarten @ Jurong West,preschool,MOE Kindergarten,30 Jurong West Street 61,648368,9647 4301,mk_jurongwest@moe.edu.sg,https://www.jurongwestpri.moe.edu.sg/mk-jurong-west/mk/,Jurong West,True,True,,
MOE Kindergarten @ Kranji,preschool,MOE Kindergarten,To Be Located in Tengah. Address Will Be Released At A Later Date.,None,6763 4812,mk_kranji@moe.edu.sg,https://www.kranjipri.moe.edu.sg/moe-kindergarten/moe-kindergarten/,Tengah,True,False,,
MOE Kindergarten @ Mayflower,preschool,MOE Kindergarten,200 Ang Mo Kio Avenue 5,569878,6255 2728,mk_mayflower@moe.edu.sg,https://www.mayflowerpri.moe.edu.sg/school-information/moe-kindergarten/,Ang Mo Kio,True,True,,
MOE Kindergarten @ Meridian,preschool,MOE Kindergarten,20 Pasir Ris Street 71,518798,6583 2125,mk_meridian@moe.edu.sg,https://meridianpri.moe.edu.sg/mk-at-meridian/about-us,Pasir Ris,True,True,,
MOE Kindergarten @ Naval Base,preschool,MOE Kindergarten,7 Yishun Avenue 4,769028,6257 0443,mk_navalbase@moe.edu.sg,https://www.navalbasepri.moe.edu.sg/mk-at-nbps/welcomevideo/,Yishun,True,True,,
MOE Kindergarten @ Northoaks,preschool,MOE Kindergarten,61 Sembawang Drive,757622,6481 2018,mk_northoaks@moe.edu.sg,https://www.northoakspri.moe.edu.sg/parents/moe-kindergarten-at-northoaks,Sembawang,True,True,,
MOE Kindergarten @ Northshore,preschool,MOE Kindergarten,30 Northshore Drive,828671,6202 6490,mk_northshore@moe.edu.sg,http://northshorepri.moe.edu.sg/moe-kindergarten/kindergarten-information,Punggol,True,True,,
MOE Kindergarten @ North View,preschool,MOE Kindergarten,210 Yishun Avenue 6,768960,6759 3235,mk_northview@moe.edu.sg,https://www.northviewpri.moe.edu.sg/moe-kindergarten-northview/,Yishun,True,True,,
MOE Kindergarten @ North Vista,preschool,MOE Kindergarten,20 Compassvale Link,544974,6235 1247,mk_northvista@moe.edu.sg,https://www.northvistapri.moe.edu.sg/kindergarten/mission-vision-and-values/,Sengkang,True,True,,
MOE Kindergarten @ Oasis,preschool,MOE Kindergarten,71 Edgefield Plains,828716,6320 9855,mk_oasis@moe.edu.sg,https://www.oasispri.moe.edu.sg/mk-at-oasis/what-we-offer/,Punggol,True,True,,
MOE Kindergarten @ Pei Tong,preschool,MOE Kindergarten,15 Clementi Avenue 5,129857,6777 5458,mk_peitong@moe.edu.sg,https://peitongpri.moe.edu.sg/mkpeitong,Clementi,True,True,,
MOE Kindergarten @ Pioneer,preschool,MOE Kindergarten,80 Tengah Garden Avenue,699915,6793 2039,mk_pioneer@moe.edu.sg,,Tengah,True,True,,
MOE Kindergarten @ Princess Elizabeth,preschool,MOE Kindergarten,30 Bukit Batok West Avenue 3,659163,6252 1902,mk_princesselizabeth@moe.edu.sg,https://www.princesselizabethpri.moe.edu.sg/moe-kindergarten/mk-at-princess-elizabeth/,Bukit Batok,True,True,,
MOE Kindergarten @ Punggol,preschool,MOE Kindergarten,61 Hougang Avenue 8,538787,6214 0691,mk_punggol@moe.edu.sg,,Hougang,True,True,,
MOE Kindergarten @ Punggol Cove,preschool,MOE Kindergarten,52 Sumang Walk,828674,6282 2375,mk_punggolcove@moe.edu.sg,https://punggolcovepri.moe.edu.sg/mk-at-punggol-cove/mk-videos,Punggol,True,True,,
MOE Kindergarten @ Punggol Green,preschool,MOE Kindergarten,98 Punggol Walk,828772,6443 8335,mk_punggolgreen@moe.edu.sg,https://www.punggolgreenpri.moe.edu.sg/mk-punggol-green/,Punggol,True,True,,
MOE Kindergarten @ Punggol View,preschool,MOE Kindergarten,9 Punggol Place,828845,6570 1588,mk_punggolview@moe.edu.sg,https://www.punggolviewpri.moe.edu.sg/mk-at-punggol-view/mkatpv/,Punggol,True,True,,
MOE Kindergarten @ Riverside,preschool,MOE Kindergarten,110 Woodlands Crescent,737803,6362 7223,mk_riverside@moe.edu.sg,https://www.riversidepri.moe.edu.sg/mk-riverside/about-us/general-information/,Woodlands,True,True,,
MOE Kindergarten @ Rivervale,preschool,MOE Kindergarten,80 Rivervale Drive,545092,6388 7450,mk_rivervale@moe.edu.sg,,Sengkang,True,True,,
MOE Kindergarten @ Sembawang,preschool,MOE Kindergarten,10 Sembawang Drive,757715,6756 7330,mk_sembawang@moe.edu.sg,https://www.sembawangpri.moe.edu.sg/mk-sembawang/about-us/adayinmksembawang/,Sembawang,True,True,,
MOE Kindergarten @ Sengkang Green,preschool,MOE Kindergarten,15 Fernvale Road,797636,6241 6640,mk_sengkanggreen@moe.edu.sg,https://www.sengkanggreenpri.moe.edu.sg/our-skgian-family/moe-kindergarten/,Sengkang,True,True,,
MOE Kindergarten @ Shuqun,preschool,MOE Kindergarten,8 Jurong West Street 51,649332,6563 7129,mk_shuqun@moe.edu.sg,https://www.shuqunpri.moe.edu.sg/moe-kindergarten/permalink/,Jurong West,True,True,,
MOE Kindergarten @ South View,preschool,MOE Kindergarten,6 Choa Chu Kang Central,689762,6219 5128,mk_southview@moe.edu.sg,https://www.southviewpri.moe.edu.sg/welcome,Choa Chu Kang,True,True,,
MOE Kindergarten @ Springdale,preschool,MOE Kindergarten,71 Anchorvale Link,544799,6384 6707,mk_springdale@moe.edu.sg,https://www.springdalepri.moe.edu.sg/moe-kindergarten-at-springdale/learning-environment-mk-at-springdale/,Sengkang,True,True,,
MOE Kindergarten @ Tampines,preschool,MOE Kindergarten,250 Tampines Street 12,529426,6783 1190,mk_tpps@moe.edu.sg,https://www.tampinespri.moe.edu.sg/moe-kindergarten/about-us/about-us/,Tampines,True,True,,
MOE Kindergarten @ Tanjong Katong,preschool,MOE Kindergarten,10 Seraya Road,437259,6568 8277,mk_tanjongkatong@moe.edu.sg,https://www.tanjongkatongpri.moe.edu.sg/mk-tanjong-katong/permalink/learningenvironment/,Marine Parade,True,True,,
MOE Kindergarten @ Temasek,preschool,MOE Kindergarten,501 Bedok South Avenue 3,469300,6246 0261,mk_temasek@moe.edu.sg,https://www.temasekpri.moe.edu.sg/moe-kindergarten/about-us/our-vision-and-mission/,Bedok,True,True,,
MOE Kindergarten @ Valour,preschool,MOE Kindergarten,49 Punggol Central,828728,6242 6390,mk_valour@moe.edu.sg,https://www.valourpri.moe.edu.sg/moe-kindergarten/moe-kindergarten-at-valour/,Punggol,True,True,,
MOE Kindergarten @ Waterway,preschool,MOE Kindergarten,70 Punggol Drive,828802,6315 0082,mk_waterway@moe.edu.sg,https://www.waterwaypri.moe.edu.sg/moe-kindergarten-waterway,Punggol,True,True,,
MOE Kindergarten @ Wellington,preschool,MOE Kindergarten,10 Wellington Circle,757702,6753 3319,mk_wellington@moe.edu.sg,https://sites.google.com/moe.edu.sg/mkwl,Sembawang,True,True,,
MOE Kindergarten @ West Spring,preschool,MOE Kindergarten,60 Bukit Panjang Ring Road,679946,6314 4192,mk_westspring@moe.edu.sg,https://www.westspringpri.moe.edu.sg/mkws/,Bukit Panjang,True,True,,
MOE Kindergarten @ West View,preschool,MOE Kindergarten,31 Senja Road,677742,6760 0178,mk_westview@moe.edu.sg,https://westviewpri.moe.edu.sg/mk-at-west-view/about-us,Bukit Panjang,True,True,,
MOE Kindergarten @ Westwood,preschool,MOE Kindergarten,1 Jurong West Street 73,649188,6316 0211,mk_westwood@moe.edu.sg,https://www.westwoodpri.moe.edu.sg/mk-westwood/,Jurong West,True,True,,
MOE Kindergarten @ Yangzheng,preschool,MOE Kindergarten,15 Serangoon Avenue 3,556108,6242 0522,mk_yangzheng@moe.edu.sg,https://www.yangzhengpri.moe.edu.sg/mk-at-yangzheng/,Serangoon,True,True,,
MOE Kindergarten @ Yishun,preschool,MOE Kindergarten,500 Yishun Ring Road,768679,6311 9526,mk_yishun@moe.edu.sg,https://www.yishunpri.moe.edu.sg/mk-at-yps/mk-home/,Yishun,True,True,,
MOE Kindergarten @ Zhenghua,preschool,MOE Kindergarten,9 Fajar Road,679002,6219 5679,mk_zhenghua@moe.edu.sg,https://www.zhenghuapri.moe.edu.sg/mk-at-zhenghua/about-us/,Bukit Panjang,True,True,,
Admiralty Primary School,primary,Primary,Woodlands Circle,738907,63620598,admiralty_ps@moe.edu.sg,https://admiraltypri.moe.edu.sg/,,,,,
Ahmad Ibrahim Primary School,primary,Primary,Yishun Street 11,768643,67592906,aips@moe.edu.sg,http://www.ahmadibrahimpri.moe.edu.sg,,,,,
Ai Tong School,primary,Primary,Bright Hill Drive,579646,64547672,aitong_sch@moe.edu.sg,http://www.aitong.moe.edu.sg,,,,,
Alexandra Primary School,primary,Primary,Prince Charles Crescent,159016,62485400,alexandra_ps@moe.edu.sg,http://alexandrapri.moe.edu.sg,,,,,
Anchor Green Primary School,primary,Primary,Anchorvale Drive,544969,68861356,anchorgreen_ps@moe.edu.sg,http://www.anchorgreenpri.moe.edu.sg,,,,,
Anderson Primary School,primary,Primary,Ang Mo Kio Ave 9,569785,64560340,anderson_ps@moe.edu.sg,http://www.andersonpri.moe.edu.sg,,,,,
Anglo-Chinese School (Junior),primary,Primary,Winstedt Road,227988,67337911,acsj@moe.edu.sg,https://www.acsj.moe.edu.sg,,,,,
Anglo-Chinese School (Primary),primary,Primary,Barker Road,309918,62501633,acps@moe.edu.sg,http://www.acspri.moe.edu.sg/,,,,,
Ang Mo Kio Primary School,primary,Primary,Ang Mo Kio Avenue 3,569920,64520794,amkps@moe.edu.sg,http://www.angmokiopri.moe.edu.sg,,,,,
Angsana Primary School,primary,Primary,Tampines Street 61,528565,67830427,angsana_pri@moe.edu.sg,https://angsanapri.moe.edu.sg/,,,,,
Beacon Primary School,primary,Primary,Bukit Panjang Ring Road,679944,67697255,beaconprisch@moe.edu.sg,https://beaconpri.moe.edu.sg/,,,,,
Bedok Green Primary School,primary,Primary,Bedok South Ave 2,469317,64425416,bgps@moe.edu.sg,http://www.bedokgreenpri.moe.edu.sg,,,,,
Bendemeer Primary School,primary,Primary,Bendemeer Road,339948,62982911,bendemeer_ps@moe.edu.sg,http://www.bendemeerpri.moe.edu.sg/,,,,,
Blangah Rise Primary School,primary,Primary,Telok Blangah Heights,109100,62717387,brps@moe.edu.sg,http://www.blangahrisepri.moe.edu.sg/,,,,,
Boon Lay Garden Primary School,primary,Primary,Boon Lay Drive,649930,63160998,blgps@moe.edu.sg,https://www.boonlaygardenpri.moe.edu.sg,,,,,
Bukit Panjang Primary School,primary,Primary,Cashew Road,679676,67691912,bpps@moe.edu.sg,http://www.bukitpanjangpri.moe.edu.sg,,,,,
Bukit Timah Primary School,primary,Primary,Lorong Kismis,598112,64662863,bukittimahps@moe.edu.sg,http://www.bukittimahpri.moe.edu.sg,,,,,
Bukit View Primary School,primary,Primary,Bukit Batok Street 21,659634,65661980,bukitview_ps@moe.edu.sg,http://www.bukitviewpri.moe.edu.sg,,,,,
Canberra Primary School,primary,Primary,Admiralty Drive,757714,67597433,canberra_ps@moe.edu.sg,http://www.canberrapri.moe.edu.sg,,,,,
Canossa Catholic Primary School,primary,Primary,Sallim Road,387621,68441418,ccps@moe.edu.sg,https://canossacatholicpri.moe.edu.sg/,,,,,
Cantonment Primary School,primary,Primary,Cantonment Close,088256,65119555,cantonment_ps@moe.edu.sg,http://www.cantonmentpri.moe.edu.sg,,,,,
Casuarina Primary School,primary,Primary,Pasir Ris St 41,518935,65837132,casuarina_ps@moe.edu.sg,http://www.casuarinapri.moe.edu.sg/,,,,,
Catholic High School (Primary),primary,Primary,Bishan Street 22,579767,64582177 (Secondary),chs@moe.edu.sg,http://www.catholichigh.moe.edu.sg,,,,,
Cedar Primary School,primary,Primary,Cedar Avenue,349700,62885633,cedar_ps@moe.edu.sg,http://www.cedarpri.moe.edu.sg,,,,,
Changkat Primary School,primary,Primary,Simei St 3,529896,67830923,changkat_ps@moe.edu.sg,http://www.changkatpri.moe.edu.sg/,,,,,
CHIJ (Katong) Primary,primary,Primary,Martia Road,424821,63443072,chijktps@moe.edu.sg,http://chijkcp.moe.edu.sg/,,,,,
CHIJ (Kellock),primary,Primary,Bukit Teresa Road,099757,62730096,chijks@moe.edu.sg,http://www.chijkellock.moe.edu.sg/,,,,,
CHIJ Our Lady of Good Counsel,primary,Primary,Burghley Drive,558979,62886930,chijolgcs@moe.edu.sg,http://www.chijourladyofgoodcounsel.moe.edu.sg,,,,,
CHIJ Our Lady of the Nativity,primary,Primary,Upper Serangoon Road,534793,63852455,chijoln@moe.edu.sg,http://www.chijourladyofthenativity.moe.edu.sg/,,,,,
CHIJ Our Lady Queen of Peace,primary,Primary,Chestnut Drive,679287,67691529,chijolqp@moe.edu.sg,http://www.chijourladyqueenofpeace.moe.edu.sg/,,,,,
CHIJ Primary (Toa Payoh),primary,Primary,Lorong 1 Toa Payoh,319765,63532164,chijtpps@moe.edu.sg,http://www.chijpritoapayoh.moe.edu.sg,,,,,
CHIJ St. Nicholas Girls' School (Primary),primary,Primary,Ang Mo Kio Street 13,569405,63541839 (Secondary),chijsng_sec@moe.edu.sg,http://www.chijstnicholasgirls.moe.edu.sg,,,,,
Chongfu School,primary,Primary,Yishun Avenue 6,768959,67585527,cfs@moe.edu.sg,http://www.chongfu.moe.edu.sg/,,,,,
Chongzheng Primary School,primary,Primary,Tampines Street 21,529392,67819002,czps@moe.edu.sg,http://www.chongzhengpri.moe.edu.sg,,,,,
Chua Chu Kang Primary School,primary,Primary,Choa Chu Kang Avenue 2,689905,67661574,cckps@moe.edu.sg,http://www.chuachukangpri.moe.edu.sg,,,,,
Clementi Primary School,primary,Primary,Clementi Ave 3,129903,67797449,admin_clementi_ps@moe.edu.sg,http://www.clementipri.moe.edu.sg,,,,,
Compassvale Primary School,primary,Primary,Compassvale St,545091,63882819,cvps@moe.edu.sg,http://www.compassvalepri.moe.edu.sg/,,,,,
Concord Primary School,primary,Primary,Choa Chu Kang Ave 4,689814,67632139,concord_ps@moe.edu.sg,http://www.concordpri.moe.edu.sg/,,,,,
Corporation Primary School,primary,Primary,Jurong West Street 24,648347,67957381,cps@moe.edu.sg,http://www.corporationpri.moe.edu.sg,,,,,
Damai Primary School,primary,Primary,Bedok Reservoir Crescent,479226,64456483,damai_ps@moe.edu.sg,http://www.damaipri.moe.edu.sg,,,,,
Dazhong Primary School,primary,Primary,Bukit Batok Street 31,659441,65658002,dazhong_ps@moe.edu.sg,http://www.dazhongpri.moe.edu.sg,,,,,
De La Salle School,primary,Primary,Choa Chu Kang St 52,689285,67667675,dlss@moe.edu.sg,http://www.delasalle.moe.edu.sg,,,,,
East Spring Primary School,primary,Primary,Tampines St 33,529258,67866192,esps@moe.edu.sg,http://www.eastspringpri.moe.edu.sg,,,,,
Edgefield Primary School,primary,Primary,Edgefield Plains,828869,63126091,edgefield_ps@moe.edu.sg,http://www.edgefieldpri.moe.edu.sg,,,,,
Elias Park Primary School,primary,Primary,Pasir Ris Street 52,518866,65844393,epps@moe.edu.sg,http://www.eliasparkpri.moe.edu.sg,,,,,
Endeavour Primary School,primary,Primary,Admiralty Link,757521,64824650,endeavour_ps@moe.edu.sg,https://endeavourpri.moe.edu.sg/,,,,,
Evergreen Primary School,primary,Primary,Woodlands Circle,738908,63687705,evergreen_ps@moe.edu.sg,http://www.evergreenpri.moe.edu.sg/,,,,,
Fairfield Methodist School (Primary),primary,Primary,Dover Road,139648,67788431,fmsp@moe.edu.sg,http://www.fmsp.moe.edu.sg/,,,,,
Farrer Park Primary School,primary,Primary,Farrer Park Road,217567,62952272,fpps@moe.edu.sg,http://www.farrerparkpri.moe.edu.sg,,,,,
Fengshan Primary School,primary,Primary,Bedok North Road,469680,65860123,fsps@moe.edu.sg,http://www.fengshanpri.moe.edu.sg,,,,,
Fern Green Primary School,primary,Primary,Fernvale Link,797538,68343100,ferngreen_ps@moe.edu.sg,https://www.ferngreenpri.moe.edu.sg,,,,,
Fernvale Primary School,primary,Primary,Fernvale Lane,797701,63153051,fernvale_ps@moe.edu.sg,https://www.fernvalepri.moe.edu.sg,,,,,
First Toa Payoh Primary School,primary,Primary,Lorong 8 Toa Payoh,319252,62567822,ftpps@moe.edu.sg,http://www.firsttoapayohpri.moe.edu.sg,,,,,
Frontier Primary School,primary,Primary,Jurong West Street 61,648200,65789555,frontier_ps@moe.edu.sg,http://www.frontierpri.moe.edu.sg,,,,,
Fuchun Primary School,primary,Primary,Woodlands Avenue 1,739063,63683925,fcps@moe.edu.sg,http://www.fuchunpri.moe.edu.sg,,,,,
Fuhua Primary School,primary,Primary,Jurong East Street 13,609647,65624370,fhps@moe.edu.sg,http://www.fuhuapri.moe.edu.sg,,,,,
Gan Eng Seng Primary School,primary,Primary,Redhill Close,158901,64717451,gesps@moe.edu.sg,http://www.ganengsengpri.moe.edu.sg,,,,,
Geylang Methodist School (Primary),primary,Primary,Geylang East Central,389706,67486746,gmsp@moe.edu.sg,https://www.geylangmethodistpri.moe.edu.sg,,,,,
Gongshang Primary School,primary,Primary,Tampines Street 42,529176,67831191,gsps@moe.edu.sg,http://www.gongshangpri.moe.edu.sg,,,,,
Greendale Primary School,primary,Primary,Edgedale Plains,828848,68861413,greendale_ps@moe.edu.sg,http://www.greendalepri.moe.edu.sg,,,,,
Greenridge Primary School,primary,Primary,Jelapang Road,677744,67604265,grps@moe.edu.sg,http://www.greenridgepri.moe.edu.sg,,,,,
Greenwood Primary School,primary,Primary,Woodlands  Dr  62,737942,63666158,greenwood_ps@moe.edu.sg,http://www.greenwoodpri.moe.edu.sg,,,,,
Haig Girls' School,primary,Primary,Koon Seng Road,427072,63440293,haiggirlssch@moe.edu.sg,http://www.haiggirls.moe.edu.sg,,,,,
Henry Park Primary School,primary,Primary,Holland Grove Road,278790,64663600,hpps@moe.edu.sg,http://www.henryparkpri.moe.edu.sg,,,,,
Holy Innocents' Primary School,primary,Primary,Lorong Low Koon,536451,62886516,holyinnocentspri@moe.edu.sg,http://www.holyinnocentspri.moe.edu.sg/,,,,,
Hong Wen School,primary,Primary,Towner Road,327829,62943340,hws@moe.edu.sg,http://www.hongwen.moe.edu.sg,,,,,
Horizon Primary School,primary,Primary,Edgedale Plains,828819,67535411,horizon_ps@moe.edu.sg,http://www.horizonpri.moe.edu.sg,,,,,
Hougang Primary School,primary,Primary,Hougang St 93,534238,64897445,hougang_ps@moe.edu.sg,http://www.hougangpri.moe.edu.sg/,,,,,
Huamin Primary School,primary,Primary,Yishun Avenue 11,768857,67529004,huamin_ps@moe.edu.sg,http://www.huaminpri.moe.edu.sg,,,,,
Innova Primary School,primary,Primary,Woodlands Drive 17,737888,68944693,innova_pri@moe.edu.sg,http://www.innovapri.moe.edu.sg/,,,,,
Jiemin Primary School,primary,Primary,Yishun Street 71,768515,67586472,jiemin_ps@moe.edu.sg,http://www.jieminpri.moe.edu.sg,,,,,
Jing Shan Primary School,primary,Primary,Ang Mo Kio St 52,569228,64566305,jsps@moe.edu.sg,http://www.jingshanpri.moe.edu.sg,,,,,
Junyuan Primary School,primary,Primary,Tampines Street 91,528906,67830375,junyuan_ps@moe.edu.sg,https://junyuanpri.moe.edu.sg,,,,,
Jurong Primary School,primary,Primary,Jurong East Street 32,609476,65618837,jps@moe.edu.sg,http://www.jurongpri.moe.edu.sg,,,,,
Jurong West Primary School,primary,Primary,Jurong West St 61,648368,67933419,jwps@moe.edu.sg,http://www.jurongwestpri.moe.edu.sg,,,,,
Keming Primary School,primary,Primary,Bukit Batok East Avenue 6,659762,68962054,kmps@moe.edu.sg,http://www.kemingpri.moe.edu.sg,,,,,
Kheng Cheng School,primary,Primary,Lorong 3 Toa Payoh,319580,62552502,kcs@moe.edu.sg,http://www.khengcheng.moe.edu.sg/,,,,,
Kong Hwa School,primary,Primary,Guillemard Road,399772,63421195,konghwa_sch@moe.edu.sg,http://www.konghwa.moe.edu.sg,,,,,
Kranji Primary School,primary,Primary,Choa Chu Kang Street 54,689189,67634812,kranji_ps@moe.edu.sg,http://kranjipri.moe.edu.sg,,,,,
Kuo Chuan Presbyterian Primary School,primary,Primary,Bishan Street 13,579793,62595396,kcpps@moe.edu.sg,http://www.kuochuanpresbyterianpri.moe.edu.sg,,,,,
Lakeside Primary School,primary,Primary,Corporation Walk,618310,62620918,lakeside_ps@moe.edu.sg,http://www.lakesidepri.moe.edu.sg/,,,,,
Lianhua Primary School,primary,Primary,Bukit Batok Street 52,659243,65639502,lianhua_ps@moe.edu.sg,http://www.lianhuapri.moe.edu.sg/,,,,,
Maha Bodhi School,primary,Primary,Ubi Avenue 1,408931,67442115,mbs@moe.edu.sg,http://www.mahabodhi.moe.edu.sg/,,,,,
Maris Stella High School (Primary),primary,Primary,Mount Vernon Road,368051,62803880 (Sec),msh@moe.edu.sg,http://www.marisstellahigh.moe.edu.sg,,,,,
Marsiling Primary School,primary,Primary,Woodlands Centre Road,738927,62696193,marsiling_ps@moe.edu.sg,http://www.marsilingpri.moe.edu.sg,,,,,
Marymount Convent School,primary,Primary,Marymount Road,297754,6256 6701,mmcs@moe.edu.sg,http://www.marymountconvent.moe.edu.sg,,,,,
Mayflower Primary School,primary,Primary,Ang Mo Kio Avenue 5,569878,64520849,mayflower_ps@moe.edu.sg,http://www.mayflowerpri.moe.edu.sg,,,,,
Mee Toh School,primary,Primary,Edgedale Plains,828867,64893326,meetoh_sch@moe.edu.sg,http://www.meetoh.moe.edu.sg/,,,,,
Meridian Primary School,primary,Primary,Pasir Ris St 71,518798,65832125,meridian_ps@moe.edu.sg,http://www.meridianpri.moe.edu.sg/,,,,,
Methodist Girls' School (Primary),primary,Primary,Blackmore Drive,599986,64694800,mgps@moe.edu.sg,https://www.mgs.moe.edu.sg/,,,,,
Montfort Junior School,primary,Primary,Hougang Avenue 8,538786,65101588,montfort_js@moe.edu.sg,http://www.montfortjunior.moe.edu.sg/,,,,,
Nan Chiau Primary School,primary,Primary,Anchorvale Link,545080,64897905,ncps@moe.edu.sg,http://www.ncps.moe.edu.sg,,,,,
Nan Hua Primary School,primary,Primary,Jalan Lempeng,128806,67788050,nhps@moe.edu.sg,http://www.nanhuapri.moe.edu.sg,,,,,
Nanyang Primary School,primary,Primary,King's Road,268097,64672677,nyps@moe.edu.sg,http://www.nyps.moe.edu.sg,,,,,
Naval Base Primary School,primary,Primary,Yishun Ave 4,769028,67537114,nbps@moe.edu.sg,http://www.navalbasepri.moe.edu.sg/,,,,,
New Town Primary School,primary,Primary,Tanglin Halt Road,148812,64748805,ntps@moe.edu.sg,http://www.newtownpri.moe.edu.sg/,,,,,
Ngee Ann Primary School,primary,Primary,Marine Terrace,449149,64418677,naps@moe.edu.sg,http://www.ngeeannpri.moe.edu.sg,,,,,
Northland Primary School,primary,Primary,Yishun Avenue 4,769026,67598884,northland_ps@moe.edu.sg,http://www.northlandpri.moe.edu.sg,,,,,
Northoaks Primary School,primary,Primary,Sembawang Drive,757622,6753 8835,northoaks_ps@moe.edu.sg,http://www.northoakspri.moe.edu.sg,,,,,
Northshore Primary School,primary,Primary,Northshore Drive,828671,62026490,northshore_ps@moe.edu.sg,https://northshorepri.moe.edu.sg/,,,,,
North Spring Primary School,primary,Primary,Rivervale Street,545088,68816887,nsps@moe.edu.sg,http://www.northspringpri.moe.edu.sg,,,,,
North View Primary School,primary,Primary,Yishun Avenue 6,768960,67593235,nvps@moe.edu.sg,http://www.northviewpri.moe.edu.sg,,,,,
North Vista Primary School,primary,Primary,Compassvale Link,544974,64843566,nvtps@moe.edu.sg,http://www.northvistapri.moe.edu.sg,,,,,
Oasis Primary School,primary,Primary,Edgefield Plains,828716,6320 9855,oasis_ps@moe.edu.sg,http://www.oasispri.moe.edu.sg/,,,,,
Opera Estate Primary School,primary,Primary,Fidelio Street,458436,62410417,oeps@moe.edu.sg,http://www.operaestatepri.moe.edu.sg,,,,,
Palm View Primary School,primary,Primary,Compassvale Bow,544822,65087300,palmview_ps@moe.edu.sg,http://www.palmviewpri.moe.edu.sg,,,,,
Park View Primary School,primary,Primary,Pasir Ris Drive 1,519524,65851421,pvps@moe.edu.sg,http://www.parkviewpri.moe.edu.sg,,,,,
Pasir Ris Primary School,primary,Primary,Pasir Ris Street 21,518968,65822606,prps@moe.edu.sg,http://www.pasirrispri.moe.edu.sg,,,,,
Paya Lebar Methodist Girls' School (Primary),primary,Primary,Lorong Ah Soo,536741,62862795,plmgps@moe.edu.sg,http://www.payalebarmethodistgirlspri.moe.edu.sg/,,,,,
Pei Chun Public School,primary,Primary,Lorong 7 Toa Payoh,319320,63539450,pcps@moe.edu.sg,http://www.peichunpublic.moe.edu.sg,,,,,
Pei Hwa Presbyterian Primary School,primary,Primary,Pei Wah Avenue,597610,64663787,phpps@moe.edu.sg,http://www.peihwapresbyterianpri.moe.edu.sg/,,,,,
Pei Tong Primary School,primary,Primary,Clementi Avenue 5,129857,67775458,ptps@moe.edu.sg,http://www.peitongpri.moe.edu.sg/,,,,,
Peiying Primary School,primary,Primary,Yishun Ring Road,768687,62575684,peiying_ps@moe.edu.sg,http://www.peiyingpri.moe.edu.sg,,,,,
Pioneer Primary School,primary,Primary,Tengah Garden Avenue,699915,67932039,pioneer_ps@moe.edu.sg,http://www.pioneerpri.moe.edu.sg,,,,,
Poi Ching School,primary,Primary,Tampines Street 71,529067,67856420,contact@poiching.moe.edu.sg,http://www.poiching.moe.edu.sg,,,,,
Princess Elizabeth Primary School,primary,Primary,Bukit Batok West Avenue 3,659163,65655111,peps@moe.edu.sg,http://www.princesselizabethpri.moe.edu.sg,,,,,
Punggol Cove Primary School,primary,Primary,Sumang Walk,828674,63857339,punggolcove_ps@moe.edu.sg,https://punggolcovepri.moe.edu.sg/,,,,,
Punggol Green Primary School,primary,Primary,Punggol Walk,828772,65383011,admin_punggolgreen_ps@moe.edu.sg,http://www.punggolgreenpri.moe.edu.sg,,,,,
Punggol Primary School,primary,Primary,Hougang Avenue 8,538787,63850762,punggol_ps@moe.edu.sg,http://www.punggolpri.moe.edu.sg/,,,,,
Punggol View Primary School,primary,Primary,Punggol Place,828845,6570 1588,punggolview_ps@moe.edu.sg,http://www.punggolviewpri.moe.edu.sg,,,,,
Qifa Primary School,primary,Primary,West Coast Avenue,128104,67783085,qifa_ps@moe.edu.sg,http://www.qifapri.moe.edu.sg,,,,,
Qihua Primary School,primary,Primary,Woodlands Street 81,738525,62696250,qihua_ps@moe.edu.sg,http://www.qihuapri.moe.edu.sg,,,,,
Queenstown Primary School,primary,Primary,Margaret Dr,149303,64741044,qtps@moe.edu.sg,http://www.queenstownpri.moe.edu.sg,,,,,
Radin Mas Primary School,primary,Primary,Bukit Purmei Avenue,099840,62733937,rmps@moe.edu.sg,https://www.radinmaspri.moe.edu.sg/,,,,,
Raffles Girls' Primary School,primary,Primary,Hillcrest Road,289072,64684377,rgps@moe.edu.sg,http://www.rafflesgirlspri.moe.edu.sg,,,,,
Red Swastika School,primary,Primary,Bedok North Avenue 3,469719,64430380,redswastika@moe.edu.sg,http://www.redswastika.moe.edu.sg,,,,,
Riverside Primary School,primary,Primary,Woodlands Crescent,737803,63654490,riverside_ps@moe.edu.sg,http://www.riversidepri.moe.edu.sg,,,,,
Rivervale Primary School,primary,Primary,Rivervale Drive,545092,63887450,rivervale_ps@moe.edu.sg,http://www.rivervalepri.moe.edu.sg/,,,,,
River Valley Primary School,primary,Primary,River Valley Green,237993,67371785,rvps@moe.edu.sg,http://www.rivervalleypri.moe.edu.sg,,,,,
Rosyth School,primary,Primary,Serangoon North Avenue 4,555855,64812273,rosyth_sch@schools.gov.sg,https://www.rosyth.moe.edu.sg,,,,,
Rulang Primary School,primary,Primary,Jurong West Street 52,649295,65657771,rulang_ps@moe.edu.sg,http://www.rulangpri.moe.edu.sg/,,,,,
Sembawang Primary School,primary,Primary,Sembawang Drive,757715,67567330,sembawang_ps@moe.edu.sg,http://www.sembawangpri.moe.edu.sg,,,,,
Sengkang Green Primary School,primary,Primary,Fernvale Road,797636,63864255,sengkanggreen_ps@moe.edu.sg,https://sengkanggreenpri.moe.edu.sg/,,,,,
Seng Kang Primary School,primary,Primary,Compassvale Walk,545166,63840809,skps@moe.edu.sg,http://www.sengkangpri.moe.edu.sg/,,,,,
Shuqun Primary School,primary,Primary,Jurong West Street 51,649332,65637129,sqps@moe.edu.sg,http://www.shuqunpri.moe.edu.sg,,,,,
Si Ling Primary School,primary,Primary,Woodlands Avenue 1,739067,62698832,slps@moe.edu.sg,http://www.silingpri.moe.edu.sg,,,,,
Singapore Chinese Girls' Primary School,primary,Primary,Dunearn Road,309437,62527966,scgps@moe.edu.sg,https://www.scgs.moe.edu.sg,,,,,
South View Primary School,primary,Primary,Choa Chu Kang Central,689762,67697176,svps@moe.edu.sg,http://www.southviewpri.moe.edu.sg,,,,,
Springdale Primary School,primary,Primary,Anchorvale Link,544799,63157600,springdale_ps@moe.edu.sg,http://springdalepri.moe.edu.sg/,,,,,
St Andrew's School (Junior),primary,Primary,Francis Thomas Drive,359337,62884303,sasj@moe.edu.sg,http://www.saintandrewsjunior.moe.edu.sg,,,,,
St. Anthony's Canossian Primary School,primary,Primary,Bedok North Ave 4,469701,64492239,sacps@moe.edu.sg,http://www.stanthonyscanossianpri.moe.edu.sg,,,,,
St. Anthony's Primary School,primary,Primary,Bukit Batok St 32,659401,65690822,saps@moe.edu.sg,http://www.stanthonyspri.moe.edu.sg,,,,,
St. Gabriel's Primary School,primary,Primary,Lorong Chuan,556742,62803628,stgps@moe.edu.sg,http://www.stgabrielspri.moe.edu.sg,,,,,
St. Hilda's Primary School,primary,Primary,Tampines Ave 3,529706,67811916,shps@moe.edu.sg,http://www.shps.moe.edu.sg,,,,,
St. Joseph's Institution Junior,primary,Primary,Essex Road,309331,62552700,sjijunior@moe.edu.sg,https://sjijunior.moe.edu.sg,,,,,
St. Margaret's School (Primary),primary,Primary,Sophia Road,228197,63394247,stmargaretps@moe.edu.sg,http://www.stmargaretspri.moe.edu.sg,,,,,
St. Stephen's School,primary,Primary,Siglap View,455789,62419513,ststephensch@moe.edu.sg,http://www.ststephens.moe.edu.sg,,,,,
Tampines North Primary School,primary,Primary,Tampines Avenue 9,529565,67854329,tnps@moe.edu.sg,http://www.tampinesnorthpri.moe.edu.sg,,,,,
Tampines Primary School,primary,Primary,Tampines Street 12,529426,67831190,tpps@moe.edu.sg,http://www.tampinespri.moe.edu.sg,,,,,
Tanjong Katong Primary School,primary,Primary,Seraya Road,437259,63444728,tkps@moe.edu.sg,http://www.tanjongkatongpri.moe.edu.sg/,,,,,
Tao Nan School,primary,Primary,Marine Crescent,449761,64428307,taonan_sch@moe.edu.sg,http://www.taonan.moe.edu.sg,,,,,
Teck Ghee Primary School,primary,Primary,Ang Mo Kio Street 32,569299,64548769,tgps@moe.edu.sg,http://www.teckgheepri.moe.edu.sg,,,,,
Teck Whye Primary School,primary,Primary,Teck Whye Walk,688261,67691025,twps@moe.edu.sg,http://www.teckwhyepri.moe.edu.sg,,,,,
Telok Kurau Primary School,primary,Primary,Bedok Reservoir Rd,479239,62441600,telokkuraups@moe.edu.sg,http://www.telokkuraupri.moe.edu.sg,,,,,
Temasek Primary School,primary,Primary,Bedok South Ave 3,469300,64438134,temasek_ps@moe.edu.sg,http://www.temasekpri.moe.edu.sg,,,,,
Townsville Primary School,primary,Primary,Ang Mo Kio Ave 10,569730,64574345,townsvilleps@moe.edu.sg,http://www.townsvillepri.moe.edu.sg/,,,,,
Unity Primary School,primary,Primary,Choa Chu Kang Crescent,688268,67676750,unity_ps@moe.edu.sg,http://www.unitypri.moe.edu.sg,,,,,
Valour Primary School,primary,Primary,Punggol Central,828728,62426390,valour_ps@moe.edu.sg,https://valourpri.moe.edu.sg,,,,,
Waterway Primary School,primary,Primary,Punggol Drive,828802,6636 6880,waterway_ps@moe.edu.sg,https://waterwaypri.moe.edu.sg,,,,,
Wellington Primary School,primary,Primary,Wellington Circle,757702,67533319,wellingtonps@moe.edu.sg,http://www.wellingtonpri.moe.edu.sg,,,,,
West Grove Primary School,primary,Primary,Jurong West St 72,649223,62679234,wgps@moe.edu.sg,http://www.westgrovepri.moe.edu.sg/,,,,,
West Spring Primary School,primary,Primary,Bukit Panjang Ring Road,679946,63144192,westspring_ps@moe.edu.sg,http://www.westspringpri.moe.edu.sg,,,,,
West View Primary School,primary,Primary,Senja Road,677742,67600178,wvps@moe.edu.sg,http://www.westviewpri.moe.edu.sg,,,,,
Westwood Primary School,primary,Primary,Jurong West Street 73,649188,64121690,westwood_ps@moe.edu.sg,http://www.westwoodpri.moe.edu.sg,,,,,
White Sands Primary School,primary,Primary,Pasir Ris St 11,519075,69229100,wsps@moe.edu.sg,http://www.whitesandspri.moe.edu.sg,,,,,
Woodgrove Primary School,primary,Primary,Woodlands Drive 14,738079,68943371,woodgrove_ps@moe.edu.sg,http://www.woodgrovepri.moe.edu.sg/,,,,,
Woodlands Primary School,primary,Primary,Woodlands Drive 50,738853,62697410,wdp@moe.edu.sg,http://www.woodlandspri.moe.edu.sg,,,,,
Woodlands Ring Primary School,primary,Primary,Woodlands Ring Road,738240,63643679,wrps@moe.edu.sg,http://www.woodlandsringpri.moe.edu.sg,,,,,
Xinghua Primary School,primary,Primary,Hougang Avenue 1,538882,62889121,xinghua_ps@moe.edu.sg,http://www.xinghuapri.moe.edu.sg,,,,,
Xingnan Primary School,primary,Primary,Jurong West Street 91,649036,67913679,xingnan_ps@moe.edu.sg,http://www.xingnanpri.moe.edu.sg,,,,,
Xinmin Primary School,primary,Primary,Hougang Avenue 8,538784,62835479,xinmin_ps@moe.edu.sg,https://xinminpri.moe.edu.sg/,,,,,
Xishan Primary School,primary,Primary,Yishun Street 21,768611,67588837,xishan_ps@moe.edu.sg,https://www.xishanpri.moe.edu.sg/,,,,,
Yangzheng Primary School,primary,Primary,Serangoon Avenue 3,556108,62846298,yzps@moe.edu.sg,http://www.yangzhengpri.moe.edu.sg/,,,,,
Yew Tee Primary School,primary,Primary,Choa Chu Kang St 64,689100,67670027,ytps@moe.edu.sg,http://www.yewteepri.moe.edu.sg,,,,,
Yio Chu Kang Primary School,primary,Primary,Hougang Street 51,538720,63851365,admin_yckps@moe.edu.sg,http://www.yiochukangpri.moe.edu.sg,,,,,
Yishun Primary School,primary,Primary,Yishun Ring Road,768679,62577461,yps@moe.edu.sg,http://www.yishunpri.moe.edu.sg,,,,,
Yuhua Primary School,primary,Primary,Jurong East Street 24,609558,65605062,yuhua_ps@moe.edu.sg,http://www.yuhuapri.moe.edu.sg,,,,,
Yumin Primary School,primary,Primary,Tampines Street 21,529393,67811262,yumin_ps@moe.edu.sg,http://www.yuminpri.moe.edu.sg,,,,,
Yu Neng Primary School,primary,Primary,Bedok North St 3,469623,64490121,ynps@moe.edu.sg,http://www.ynps.moe.edu.sg/,,,,,
Zhangde Primary School,primary,Primary,Jalan Membina,169485,62740357,zhangde_ps@moe.edu.sg,http://www.zhangdepri.moe.edu.sg/,,,,,
Zhenghua Primary School,primary,Primary,Fajar Road,679002,67697478,zhenghua_ps@moe.edu.sg,http://www.zhenghuapri.moe.edu.sg,,,,,
Zhonghua Primary School,primary,Primary,Serangoon Avenue 4,556095,62835413,zhonghua_ps@moe.edu.sg,http://www.zhonghuapri.moe.edu.sg,,,,,
Admiralty Secondary School,secondary,Secondary,Woodlands Crescent,737916,63651733,admiralty_ss@moe.edu.sg,http://www.admiraltysec.moe.edu.sg,,,,,
Ahmad Ibrahim Secondary School,secondary,Secondary,Yishun Avenue 7,768928,67585384,aiss@moe.edu.sg,http://www.ahmadibrahimsec.moe.edu.sg,,,,,
Anderson Secondary School,secondary,Secondary,Ang Mo Kio Street 53,569206,64598303,anderson_ss@moe.edu.sg,http://www.andersonsec.moe.edu.sg,,,,,
Anglican High School,secondary,Secondary,Upper Changi Road,487012,62414866,ahs@moe.edu.sg,http://www.anglicanhigh.moe.edu.sg,,,,,
Anglo-Chinese School (Barker Road),secondary,Secondary,Barker Road,309919,62561633,acsbr@moe.edu.sg,http://www.acsbr.moe.edu.sg,,,,,
Anglo-Chinese School (Independent) (Secondary),secondary,Secondary,Dover Road,139650,67731633,acsindep@schools.gov.sg,https://www.acsindep.moe.edu.sg,,,,,
Ang Mo Kio Secondary School,secondary,Secondary,Ang Mo Kio Street 22,569362,64548605,amkss@moe.edu.sg,http://www.angmokiosec.moe.edu.sg,,,,,
Assumption English School,secondary,Secondary,Upper Bukit Timah Road,678117,65729100,aes@moe.edu.sg,http://www.assumptionenglish.moe.edu.sg,,,,,
Assumption Pathway School,secondary,Secondary,Cashew Road,679697,62793000,aps@schools.gov.sg,http://www.aps.edu.sg,,,,,
Bartley Secondary School,secondary,Secondary,Jalan Bunga Rampai,538403,62889013,bartley_ss@moe.edu.sg,http://www.bartleysec.moe.edu.sg,,,,,
Beatty Secondary School,secondary,Secondary,Toa Payoh North,318990,62569108,beatty_ss@moe.edu.sg,http://www.beattysec.moe.edu.sg,,,,,
Bedok Green Secondary School,secondary,Secondary,Bedok North Ave 3,469722,64463301,bgss@moe.edu.sg,http://www.bedokgreensec.moe.edu.sg,,,,,
Bedok South Secondary School,secondary,Secondary,Jalan Langgar Bedok,468585,64414479,bsss@moe.edu.sg,https://www.bedoksouthsec.moe.edu.sg/,,,,,
Bedok View Secondary School,secondary,Secondary,Bedok South Avenue 3,469293,64430563,bedokview_ss@moe.edu.sg,http://www.bedokviewsec.moe.edu.sg,,,,,
Bendemeer Secondary School,secondary,Secondary,St Wilfred Road,327919,62927616,bendemeer_ss@moe.edu.sg,http://www.bendemeersec.moe.edu.sg,,,,,
Boon Lay Secondary School,secondary,Secondary,Jurong West Street 65,648354,67940161,blss@moe.edu.sg,https://www.boonlaysec.moe.edu.sg,,,,,
Bowen Secondary School,secondary,Secondary,Lorong Napiri,547529,63859466,bowen_ss@moe.edu.sg,http://www.bowensec.moe.edu.sg,,,,,
Broadrick Secondary School,secondary,Secondary,Dakota Crescent,399935,63445025,broadrick_ss@moe.edu.sg,http://www.broadricksec.moe.edu.sg,,,,,
Bukit Batok Secondary School,secondary,Secondary,Bukit Batok West Ave 8,658962,63799413,bbss@moe.edu.sg,http://www.bukitbatoksec.moe.edu.sg,,,,,
Bukit Merah Secondary School,secondary,Secondary,Lengkok Bahru,159050,64748934,bmss@moe.edu.sg,http://www.bukitmerahsec.moe.edu.sg,,,,,
Bukit Panjang Govt. High School,secondary,Secondary,Choa Chu Kang Ave 4,689809,67691031,bpghs@moe.edu.sg,http://www.bpghs.moe.edu.sg,,,,,
Bukit View Secondary School,secondary,Secondary,Bukit Batok Street 21,659633,65661990,bukitview_ss@moe.edu.sg,https://www.bukitviewsec.moe.edu.sg,,,,,
Canberra Secondary School,secondary,Secondary,Sembawang Drive,757699,67585070,canberra_ss@moe.edu.sg,https://canberrasec.moe.edu.sg,,,,,
Catholic High School (Secondary),secondary,Secondary,Bishan Street 22,579767,64582177 (Secondary),chs@moe.edu.sg,http://www.catholichigh.moe.edu.sg,,,,,
Cedar Girls' Secondary School,secondary,Secondary,Cedar Avenue,349692,62884909,cedargirlss@moe.edu.sg,http://www.cedargirlssec.moe.edu.sg,,,,,
Changkat Changi Secondary School,secondary,Secondary,Simei St 3,529894,67859790,changkatchgi@moe.edu.sg,http://www.changkatchangisec.moe.edu.sg,,,,,
CHIJ Katong Convent,secondary,Secondary,Marine Terrace,449150,64486433,chijktcs@moe.edu.sg,http://www.chijkatongconvent.moe.edu.sg,,,,,
CHIJ Secondary (Toa Payoh),secondary,Secondary,Lorong 1 Toa Payoh,319764,63534972,chijtpss@moe.edu.sg,http://www.chijsec.edu.sg,,,,,
CHIJ St. Joseph's Convent,secondary,Secondary,Sengkang East Way,548595,64897580,chijsjcs@moe.edu.sg,http://www.chijstjosephsconvent.moe.edu.sg,,,,,
CHIJ St. Nicholas Girls' School (Secondary),secondary,Secondary,Ang Mo Kio Street 13,569405,63541839 (Secondary),chijsng_sec@moe.edu.sg,http://www.chijstnicholasgirls.moe.edu.sg,,,,,
CHIJ St. Theresa's Convent,secondary,Secondary,Lower Delta Road,099138,64775777,chijstcs@moe.edu.sg,http://www.chijsttheresasconvent.moe.edu.sg,,,,,
Christ Church Secondary School,secondary,Secondary,Woodlands Drive 17,737924,68933297,ccss@moe.edu.sg,http://www.christchurchsec.moe.edu.sg,,,,,
Chua Chu Kang Secondary School,secondary,Secondary,Teck Whye Crescent,688848,67691386,cckss@moe.edu.sg,http://www.chuachukangsec.moe.edu.sg,,,,,
Chung Cheng High School (Main),secondary,Secondary,Goodman Road,439012,63441393,cchms@moe.edu.sg,http://www.chungchenghighmain.moe.edu.sg,,,,,
Chung Cheng High School (Yishun),secondary,Secondary,Yishun Street 61,768547,67583912,cchys@moe.edu.sg,http://www.chungchenghighyishun.moe.edu.sg,,,,,
Clementi Town Secondary School,secondary,Secondary,Clementi Ave 3,129904,67777362,ctss@moe.edu.sg,http://www.clementitownsec.moe.edu.sg,,,,,
Commonwealth Secondary School,secondary,Secondary,West Coast Road,608784,65606866,cwss@moe.edu.sg,http://www.commonwealthsec.moe.edu.sg,,,,,
Compassvale Secondary School,secondary,Secondary,Compassvale Crescent,545083,68815047,cvss@moe.edu.sg,http://www.compassvalesec.moe.edu.sg,,,,,
Crescent Girls' School,secondary,Secondary,Tanglin Road,247961,64758711,crescentgirl@moe.edu.sg,http://www.crescent.edu.sg,,,,,
Crest Secondary School,secondary,Secondary,Jurong East Street 24,609561,68992779,info@crestsec.edu.sg,http://www.crestsec.edu.sg,,,,,
Damai Secondary School,secondary,Secondary,Bedok Reservoir Road,479229,64436848,damai_ss@moe.edu.sg,http://www.damaisec.moe.edu.sg,,,,,
Deyi Secondary School,secondary,Secondary,Ang Mo Kio Street 42,569277,64561565,deyi_ss@moe.edu.sg,http://www.deyisec.moe.edu.sg,,,,,
Dunearn Secondary School,secondary,Secondary,Bukit Batok West Avenue 2,659204,65653692,dunearn_ss@moe.edu.sg,http://www.dunearnsec.moe.edu.sg,,,,,
Dunman High School (Secondary),secondary,Secondary,Tanjong Rhu Road,436895,63450533,dhs@moe.edu.sg,http://www.dunmanhigh.moe.edu.sg,,,,,
Dunman Secondary School,secondary,Secondary,Tampines Street 45,529093,67862668,dunman_ss@moe.edu.sg,http://www.dunmansec.moe.edu.sg,,,,,
East Spring Secondary School,secondary,Secondary,Tampines Street 34,529231,65873805,esss@moe.edu.sg,http://www.eastspringsec.moe.edu.sg,,,,,
Edgefield Secondary School,secondary,Secondary,Punggol Field,828814,68839511,edgefield_ss@moe.edu.sg,http://www.edgefieldsec.moe.edu.sg,,,,,
Evergreen Secondary School,secondary,Secondary,Woodlands Street 83,738489,63656392,evergreen_ss@moe.edu.sg,http://www.evergreensec.moe.edu.sg,,,,,
Fairfield Methodist School (Secondary),secondary,Secondary,Dover Road,139649,67788702,fmss@moe.edu.sg,http://www.fairfieldmethodistsec.moe.edu.sg,,,,,
Fuhua Secondary School,secondary,Secondary,Jurong West Street 41,649410,65633067,fhss@moe.edu.sg,http://www.fuhuasec.moe.edu.sg,,,,,
Gan Eng Seng School,secondary,Secondary,Henderson Road,159561,64745594,gess@moe.edu.sg,http://www.ganengsengsch.moe.edu.sg,,,,,
Geylang Methodist School (Secondary),secondary,Secondary,Geylang East Central,389705,67466503,gmss@moe.edu.sg,http://www.geylangmethodistsec.moe.edu.sg,,,,,
Greendale Secondary School,secondary,Secondary,Edgedale Plains,828866,63158616,greendale_ss@moe.edu.sg,http://www.greendalesec.moe.edu.sg,,,,,
Greenridge Secondary School,secondary,Secondary,Gangsa Road,678972,67691491,gss@moe.edu.sg,http://www.greenridgesec.moe.edu.sg,,,,,
Guangyang Secondary School,secondary,Secondary,Bishan Street 12,579807,62589781,gyss@moe.edu.sg,http://guangyangsec.moe.edu.sg,,,,,
Hai Sing Catholic School,secondary,Secondary,Pasir Ris Drive 6,519421,65827864,hshs@moe.edu.sg,http://www.haisingcatholic.moe.edu.sg,,,,,
Hillgrove Secondary School,secondary,Secondary,Bukit Batok Street 52,659250,65603726,hillgrove_ss@moe.edu.sg,http://www.hillgrovesec.moe.edu.sg,,,,,
Holy Innocents' High School,secondary,Secondary,Upper Serangoon Road,534786,62833381,hihs@moe.edu.sg,http://www.holyinnocentshigh.moe.edu.sg,,,,,
Hougang Secondary School,secondary,Secondary,Hougang Street 93,534256,63851990,hougang_ss@moe.edu.sg,http://www.hougangsec.moe.edu.sg,,,,,
Hua Yi Secondary School,secondary,Secondary,Jurong West St 42,649371,65634568,hyss@moe.edu.sg,http://www.huayisec.moe.edu.sg,,,,,
Hwa Chong Institution (Secondary),secondary,Secondary,Bukit Timah Road,269734,64683955,admin@hci.edu.sg,https://www.hci.edu.sg/,,,,,
Junyuan Secondary School,secondary,Secondary,Tampines Street 84,528933,65873683,junyuan_ss@moe.edu.sg,https://junyuansec.moe.edu.sg/,,,,,
Jurong Secondary School,secondary,Secondary,Yuan Ching Road,618652,62655980,jurong_ss@moe.edu.sg,http://www.jurongsec.moe.edu.sg,,,,,
Jurongville Secondary School,secondary,Secondary,Jurong East Avenue 1,609790,65638704,jurongville@moe.edu.sg,http://www.jurongvillesec.moe.edu.sg,,,,,
Jurong West Secondary School,secondary,Secondary,Jurong West Street 65,648348,62623593,jwss@moe.edu.sg,https://www.jurongwestsec.moe.edu.sg,,,,,
Juying Secondary School,secondary,Secondary,Jurong West Street 91,649038,63089898,juying_ss@moe.edu.sg,http://juyingsec.moe.edu.sg,,,,,
Kent Ridge Secondary School,secondary,Secondary,West Coast Road,127368,67731127,krss@moe.edu.sg,http://www.kentridgesec.moe.edu.sg,,,,,
Kranji Secondary School,secondary,Secondary,Choa Chu Kang Street 51,689333,67662464,kranji_ss@moe.edu.sg,http://www.kranjisec.moe.edu.sg,,,,,
Kuo Chuan Presbyterian Secondary School,secondary,Secondary,Bishan Street 13,579795,62593811,kcpss@moe.edu.sg,http://www.kuochuanpresbyteriansec.moe.edu.sg,,,,,
Loyang View Secondary School,secondary,Secondary,Pasir Ris Street 11,519073,65821727,loyangview_ss@moe.edu.sg,http://www.loyangviewsec.moe.edu.sg,,,,,
Manjusri Secondary School,secondary,Secondary,Ubi Avenue 1,408940,68424558,manjusri_ss@moe.edu.sg,http://www.manjusrisec.moe.edu.sg,,,,,
Maris Stella High School (Secondary),secondary,Secondary,Mount Vernon Road,368051,62803880 (Sec),msh@moe.edu.sg,http://www.marisstellahigh.moe.edu.sg,,,,,
Marsiling Secondary School,secondary,Secondary,Marsiling Road,739110,68941413,marsiling_ss@moe.edu.sg,http://www.marsilingsec.moe.edu.sg,,,,,
Mayflower Secondary School,secondary,Secondary,Ang Mo Kio Street 21,569384,64577783,mayflower_ss@moe.edu.sg,http://www.mayflowersec.moe.edu.sg,,,,,
Meridian Secondary School,secondary,Secondary,Pasir Ris Street 51,518901,65831387,meridian_sec@moe.edu.sg,http://www.meridiansec.moe.edu.sg,,,,,
Methodist Girls' School (Secondary),secondary,Secondary,Blackmore Drive,599986,64694800,mgss@moe.edu.sg,http://www.mgs.moe.edu.sg,,,,,
Montfort Secondary School,secondary,Secondary,Hougang Avenue 8,538785,65107070,montfort_ss@moe.edu.sg,https://montfortsec.moe.edu.sg/,,,,,
Nan Chiau High School,secondary,Secondary,Anchorvale Link,545079,64897971,nchs@moe.edu.sg,http://www.nanchiauhigh.moe.edu.sg,,,,,
Nan Hua High School,secondary,Secondary,Clementi Avenue 1,129956,67788303,nhhs@moe.edu.sg,http://www.nanhuahigh.moe.edu.sg,,,,,
Nanyang Girls' High School,secondary,Secondary,Linden Drive,288683,64663275,nanyanggirls@nygh.edu.sg,https://www.nygh.edu.sg,,,,,
National Junior College (Secondary),secondary,Secondary,Hillcrest Road,288913,64661144,njc@moe.edu.sg,http://www.nationaljc.moe.edu.sg,,,,,
Naval Base Secondary School,secondary,Secondary,Yishun Ring Road,768689,62571996,nbss@moe.edu.sg,http://www.navalbasesec.moe.edu.sg,,,,,
New Town Secondary School,secondary,Secondary,Dover Road,139657,67754140,ntss@moe.edu.sg,http://www.newtownsec.moe.edu.sg,,,,,
Ngee Ann Secondary School,secondary,Secondary,Tampines Street 32,529283,67844583,nass@moe.edu.sg,http://www.ngeeannsec.moe.edu.sg,,,,,
Northbrooks Secondary School,secondary,Secondary,Yishun Ring Road,768692,67524311,northbrooks@moe.edu.sg,http://www.northbrookssec.moe.edu.sg,,,,,
Northland Secondary School,secondary,Secondary,Yishun Street 22,768578,62576781,northland_ss@moe.edu.sg,http://www.northlandsec.moe.edu.sg,,,,,
Northlight School,secondary,Secondary,Towner Road,327830,+65 69296290,nls@moe.edu.sg,https://www.nls.edu.sg,,,,,
North Vista Secondary School,secondary,Secondary,Rivervale Link,545081,68793930,northvistass@moe.edu.sg,http://www.northvistasec.moe.edu.sg,,,,,
NUS High School of Mathematics and Science,secondary,Secondary,Clementi Avenue 1,129957,65161709,einstein@highsch.nus.edu.sg,https://www.nushigh.edu.sg,,,,,
Orchid Park Secondary School,secondary,Secondary,Yishun Street 81,768454,67598547,opss@moe.edu.sg,http://www.orchidparksec.moe.edu.sg,,,,,
Outram Secondary School,secondary,Secondary,Anchorvale Crescent,549936,67334077,oss@moe.edu.sg,http://www.outramsec.moe.edu.sg,,,,,
Pasir Ris Crest Secondary School,secondary,Secondary,Pasir Ris Street 41,518934,65811655,prcss@moe.edu.sg,http://www.prcss.moe.edu.sg,,,,,
Pasir Ris Secondary School,secondary,Secondary,Tampines Street 21,529400,65010800,prss@moe.edu.sg,https://pasirrissec.moe.edu.sg,,,,,
Paya Lebar Methodist Girls' School (Secondary),secondary,Secondary,Lor Ah Soo,536742,62816606,plmgss@moe.edu.sg,http://www.plmgss.moe.edu.sg,,,,,
Peicai Secondary School,secondary,Secondary,Serangoon Avenue 4,556094,62021260,peicai_ss@moe.edu.sg,http://www.peicaisec.moe.edu.sg,,,,,
Pei Hwa Secondary School,secondary,Secondary,Fernvale Link,797702,65009580,peihwasec@moe.edu.sg,http://www.peihwasec.moe.edu.sg,,,,,
Peirce Secondary School,secondary,Secondary,Sin Ming Walk,575566,64576454,peirce_ss@moe.edu.sg,http://www.peircesec.moe.edu.sg,,,,,
Presbyterian High School,secondary,Secondary,Ang Mo Kio Avenue 6,569845,64543722,presbyterian@moe.edu.sg,http://www.presbyterian.moe.edu.sg,,,,,
Punggol Secondary School,secondary,Secondary,Edgefield Plains,828870,64897851,punggol_ss@moe.edu.sg,http://www.punggolsec.moe.edu.sg,,,,,
Queenstown Secondary School,secondary,Secondary,Strathmore Road,148800,64741055,qtss@moe.edu.sg,http://www.queenstownsec.moe.edu.sg,,,,,
Queensway Secondary School,secondary,Secondary,Margaret Drive,149295,64741421,qss@moe.edu.sg,http://www.queenswaysec.moe.edu.sg,,,,,
Raffles Girls' School (Secondary),secondary,Secondary,Braddell Rise,318871,67371845,rgss@moe.edu.sg,http://www.rgs.edu.sg,,,,,
Raffles Institution (Secondary),secondary,Secondary,Raffles Institution Lane,575954,64199242,comms@ri.edu.sg,http://www.ri.edu.sg,,,,,
Regent Secondary School,secondary,Secondary,Choa Chu Kang North 5,689621,67653828,regent_ss@moe.edu.sg,http://regentsec.moe.edu.sg,,,,,
Riverside Secondary School,secondary,Secondary,Woodlands Street 81,738524,62699631,riverside_ss@moe.edu.sg,http://www.riversidesec.moe.edu.sg,,,,,
River Valley High School (Secondary),secondary,Secondary,Boon Lay Avenue,649961,65678115,rvhs@moe.edu.sg,https://rivervalleyhigh.moe.edu.sg/,,,,,
"School of Science and Technology, Singapore",secondary,Secondary,Technology Drive,138572,65717200,contactus@sst.edu.sg,http://www.sst.edu.sg,,,,,
"School of the Arts, Singapore",secondary,Secondary,Zubir Said Drive,227968,6338 9663,enquiries@sota.edu.sg,http://www.sota.edu.sg/,,,,,
Sembawang Secondary School,secondary,Secondary,Sembawang Crescent,757704,67566760,sembawang_ss@moe.edu.sg,http://www.sembawangsec.moe.edu.sg,,,,,
Seng Kang Secondary School,secondary,Secondary,Compassvale Lane,545090,63887258,skss@moe.edu.sg,http://www.sengkangsec.moe.edu.sg,,,,,
Serangoon Garden Secondary School,secondary,Secondary,Serangoon North Avenue 1,555889,62889227,sgss@moe.edu.sg,https://www.sgs.moe.edu.sg,,,,,
Serangoon Secondary School,secondary,Secondary,Upper Serangoon View,534237,63851589,serangoon_ss@moe.edu.sg,http://www.serangoonsec.moe.edu.sg,,,,,
Singapore Chinese Girls' School,secondary,Secondary,Dunearn Road,309437,62527966,scgss@moe.edu.sg,http://www.scgs.moe.edu.sg,,,,,
Singapore Sports School,secondary,Secondary,Champions Way,737913,67660100,enquire@sportsschool.edu.sg,http://www.sportsschool.edu.sg,,,,,
Spectra Secondary School,secondary,Secondary,Woodlands Drive 64,737758,64660775,spectra@schools.gov.sg,https://www.spectra.edu.sg,,,,,
Springfield Secondary School,secondary,Secondary,Tampines Avenue 8,529593,63183053,springfields@moe.edu.sg,http://www.springfieldsec.moe.edu.sg,,,,,
St Andrew's School (Secondary),secondary,Secondary,Francis Thomas Drive,359342,62851944,sass@moe.edu.sg,http://www.standrewssec.moe.edu.sg,,,,,
St. Anthony's Canossian Secondary School,secondary,Secondary,Bedok North Avenue 4,469700,64490616,sacss@moe.edu.sg,https://stanthonyscanossiansec.moe.edu.sg,,,,,
St. Gabriel's Secondary School,secondary,Secondary,Serangoon Avenue 1,556140,62889470,stgss@moe.edu.sg,http://www.stgabrielssec.moe.edu.sg,,,,,
St. Hilda's Secondary School,secondary,Secondary,Tampines Street 82,528986,63055277,shss@moe.edu.sg,http://www.sthildassec.moe.edu.sg,,,,,
St. Joseph's Institution (Secondary),secondary,Secondary,Malcolm Road,308274,62500022,contact@sji.edu.sg,http://www.sji.edu.sg,,,,,
St. Margaret's School (Secondary),secondary,Secondary,Farrer Road,259240,64664525,stmargaretss@moe.edu.sg,http://www.stmargaretssec.moe.edu.sg,,,,,
St. Patrick's School,secondary,Secondary,East Coast Road,429058,63440929,stpatricksch@moe.edu.sg,http://www.stpatricks.moe.edu.sg,,,,,
Swiss Cottage Secondary School,secondary,Secondary,Bukit Batok Street 34,659322,65637173,scss@moe.edu.sg,http://www.swisscottagesec.moe.edu.sg,,,,,
Tampines Secondary School,secondary,Secondary,Tampines St 12,529427,67835423,tpss@moe.edu.sg,https://www.tampinessec.moe.edu.sg,,,,,
Tanjong Katong Girls' School,secondary,Secondary,Dunman Lane,439272,63441593,tkgs@moe.edu.sg,http://www.tkgs.moe.edu.sg,,,,,
Tanjong Katong Secondary School,secondary,Secondary,Haig Road,438796,63443471,tkss@moe.edu.sg,http://www.tanjongkatongsec.moe.edu.sg,,,,,
Temasek Junior College (Secondary),secondary,Secondary,Tampines Avenue 9,529564,64428066,temasek_jc@moe.edu.sg,http://www.temasekjc.moe.edu.sg,,,,,
Temasek Secondary School,secondary,Secondary,Upper East Coast Road,465561,64495020,temasek_ss@moe.edu.sg,https://temaseksec.moe.edu.sg,,,,,
Unity Secondary School,secondary,Secondary,Choa Chu Kang Street 62,689143,67671070,unity_ss@moe.edu.sg,http://www.unitysec.moe.edu.sg,,,,,
Victoria School,secondary,Secondary,Siglap Link,448880,62912965,victoria_sch@moe.edu.sg,http://www.victoria.moe.edu.sg,,,,,
West Spring Secondary School,secondary,Secondary,Senja  Road,677737,68920369,westspringss@moe.edu.sg,http://www.westspringsec.moe.edu.sg,,,,,
Westwood Secondary School,secondary,Secondary,Jurong West Street 25,648350,67929737,westwood_ss@moe.edu.sg,https://www.westwoodsec.moe.edu.sg,,,,,
Whitley Secondary School,secondary,Secondary,Bishan Street 24,579747,64561336,whitley_ss@moe.edu.sg,http://www.whitleysec.moe.edu.sg,,,,,
Woodgrove Secondary School,secondary,Secondary,Woodlands Avenue 6,738990,68932564,woodgrove_ss@moe.edu.sg,https://www.woodgrovesec.moe.edu.sg,,,,,
Woodlands Ring Secondary School,secondary,Secondary,Woodlands Avenue 1,739062,63643712,wrss@moe.edu.sg,http://www.woodlandsringsec.moe.edu.sg,,,,,
Woodlands Secondary School,secondary,Secondary,Marsiling Road,739111,68494400,wdl_ss@moe.edu.sg,http://www.woodlandssec.moe.edu.sg,,,,,
Xinmin Secondary School,secondary,Secondary,Hougang Avenue 8,538789,62889382,xinminss_email@schools.gov.sg,https://www.xinminsec.moe.edu.sg/,,,,,
Yio Chu Kang Secondary School,secondary,Secondary,Ang Mo Kio Avenue 5,569868,64560669,yckss@moe.edu.sg,http://www.yiochukangsec.moe.edu.sg,,,,,
Yishun Secondary School,secondary,Secondary,Yishun Street 71,768516,68767129,yishun_ss@moe.edu.sg,http://www.yishunsec.moe.edu.sg,,,,,
Yishun Town Secondary School,secondary,Secondary,Yishun Street 21,768610,67587219,ytss@moe.edu.sg,http://www.yishuntownsec.moe.edu.sg,,,,,
Yuan Ching Secondary School,secondary,Secondary,Yuan Ching Road,618654,62612489,ycss@moe.edu.sg,https://yuanchingsec.moe.edu.sg/,,,,,
Yuhua Secondary School,secondary,Secondary,Jurong West Street 41,649406,65661985,yuhua_ss@moe.edu.sg,http://www.yuhuasec.moe.edu.sg,,,,,
Yusof Ishak Secondary School,secondary,Secondary,Sumang Walk,828676,65009800,yiss@moe.edu.sg,http://www.yusofishaksec.moe.edu.sg,,,,,
Yuying Secondary School,secondary,Secondary,Hougang Avenue 1,538884,62827968,yuying_ss@moe.edu.sg,http://www.yuyingsec.moe.edu.sg,,,,,
Zhenghua Secondary School,secondary,Secondary,Bukit Panjang Ring Road,679962,67639455,zhenghua_ss@moe.edu.sg,http://www.zhenghuasec.moe.edu.sg,,,,,
Zhonghua Secondary School,secondary,Secondary,Serangoon Avenue 3,556123,62824339,zhonghua_ss@moe.edu.sg,https://www.zhonghuasec.moe.edu.sg,,,,,
Anderson Serangoon Junior College,jc,Junior Colleges and Millennia Institute,Upper Serangoon Road,534768,64596822,asrjc@moe.edu.sg,https://www.asrjc.moe.edu.sg,,,,,
Anglo-Chinese Junior College,jc,Junior Colleges and Millennia Institute,Dover Close East,139745,67750511,acjc@acjc.edu.sg,https://acjc.moe.edu.sg,,,,,
Anglo-Chinese School (Independent) (Junior College),jc,Junior Colleges and Millennia Institute,Dover Road,139650,67731633,acsindep@schools.gov.sg,https://www.acsindep.moe.edu.sg,,,,,
Catholic Junior College,jc,Junior Colleges and Millennia Institute,Whitley Road,297822,62524083,catholic_jc@moe.edu.sg,https://cjc.moe.edu.sg/,,,,,
Dunman High School (Junior College),jc,Junior Colleges and Millennia Institute,Tanjong Rhu Road,436895,63450533,dhs@moe.edu.sg,http://www.dunmanhigh.moe.edu.sg,,,,,
Eunoia Junior College,jc,Junior Colleges and Millennia Institute,Sin Ming Place,573838,63518388,eunoiajc@moe.edu.sg,http://www.eunoiajc.moe.edu.sg,,,,,
Hwa Chong Institution (Junior College),jc,Junior Colleges and Millennia Institute,Bukit Timah Road,269734,64683955,admin@hci.edu.sg,https://www.hci.edu.sg/,,,,,
Jurong Pioneer Junior College,jc,Junior Colleges and Millennia Institute,Teck Whye Walk,688258,65646878,jpjc@moe.edu.sg,http://jpjc.moe.edu.sg,,,,,
Millennia Institute,jc,Junior Colleges and Millennia Institute,Bukit Batok West Avenue 8,658965,63023700,millennia_inst@moe.edu.sg,http://www.millenniainstitute.moe.edu.sg,,,,,
Nanyang Junior College,jc,Junior Colleges and Millennia Institute,Serangoon Avenue 3,556111,62842281,nyjc@moe.edu.sg,http://www.nanyangjc.moe.edu.sg/,,,,,
National Junior College,jc,Junior Colleges and Millennia Institute,Hillcrest Road,288913,64661144,njc@moe.edu.sg,http://www.nationaljc.moe.edu.sg,,,,,
NUS High School of Mathematics and Science,jc,Junior Colleges and Millennia Institute,Clementi Avenue 1,129957,65161709,einstein@highsch.nus.edu.sg,https://www.nushigh.edu.sg,,,,,
Raffles Institution (Junior College),jc,Junior Colleges and Millennia Institute,Raffles Institution Lane,575954,64199242,comms@ri.edu.sg,http://www.ri.edu.sg,,,,,
River Valley High School (Junior College),jc,Junior Colleges and Millennia Institute,Boon Lay Avenue,649961,65678115,rvhs@moe.edu.sg,https://rivervalleyhigh.moe.edu.sg/,,,,,
"School of the Arts, Singapore",jc,Junior Colleges and Millennia Institute,Zubir Said Drive,227968,6338 9663,enquiries@sota.edu.sg,http://www.sota.edu.sg/,,,,,
Singapore Sports School,jc,Junior Colleges and Millennia Institute,Champions Way,737913,67660100,enquire@sportsschool.edu.sg,http://www.sportsschool.edu.sg,,,,,
St Andrew's Junior College,jc,Junior Colleges and Millennia Institute,Sorby Adams Drive,357691,62857008,sajc@moe.edu.sg,http://www.standrewsjc.moe.edu.sg/,,,,,
St. Joseph's Institution (Junior College),jc,Junior Colleges and Millennia Institute,Malcolm Road,308274,62500022,contact@sji.edu.sg,http://www.sji.edu.sg,,,,,
Tampines Meridian Junior College,jc,Junior Colleges and Millennia Institute,Pasir Ris Street 71,518799,63493660,tmjc@moe.edu.sg,http://www.tmjc.moe.edu.sg,,,,,
Temasek Junior College,jc,Junior Colleges and Millennia Institute,Tampines Avenue 9,529564,64428066,temasek_jc@moe.edu.sg,http://www.temasekjc.moe.edu.sg,,,,,
Victoria Junior College,jc,Junior Colleges and Millennia Institute,Marine Vista,449035,64485011,victoria_jc@moe.edu.sg,https://www.victoriajc.moe.edu.sg/,,,,,
Yishun Innova Junior College,jc,Junior Colleges and Millennia Institute,Yishun Ring Road,768675,62579873,yijc@moe.edu.sg,https://yijc.moe.edu.sg/,,,,,
